a,b,c,d,e
15,1,16,10,27
21,1,2,21,22
31,11,4,28,30
17,8,18,32,19
26,27,19,15,8
19,32,2,6,2
5,28,12,0,8
8,3,7,5,3
21,27,29,29,28
9,12,4,18,25
10,29,20,10,6
18,31,17,22,0
19,8,13,6,4
13,6,0,6,2
11,7,31,27,16
13,2,8,19,14
31,20,9,21,14
17,5,10,5,3
20,32,31,22,25
32,3,0,19,31
31,28,26,0,19
7,21,19,13,2
13,17,14,31,10
4,6,13,22,28
18,2,3,31,24
24,17,3,10,30
8,9,17,27,4
10,1,23,2,9
27,32,21,4,5
9,17,11,6,4
28,4,23,27,0
17,11,5,2,28
30,19,31,3,17
0,0,0,23,24
20,16,17,1,28
24,26,16,13,21
14,1,28,24,24
20,15,25,11,5
9,27,20,1,5
15,26,17,7,18
3,30,10,28,18
32,30,27,14,10
27,7,4,21,16
13,18,14,22,8
11,19,9,11,5
4,3,19,14,32
8,26,14,5,10
11,0,25,14,5
2,0,32,28,2
8,26,0,28,21
32,4,19,10,7
4,6,18,11,30
0,12,9,0,19
6,20,30,9,29
16,14,30,11,16
29,20,3,18,13
9,4,7,1,14
8,15,29,4,20
31,0,10,23,30
30,32,30,2,14
13,17,23,14,14
23,13,11,19,2
8,30,4,26,18
20,30,28,23,6
25,9,22,32,6
0,32,2,2,4
7,26,31,31,28
21,8,28,4,32
3,18,29,25,12
27,19,5,9,31
30,28,8,11,17
3,20,18,6,20
5,6,31,5,29
13,10,24,13,22
30,11,28,32,13
4,17,29,7,16
27,2,1,20,26
14,30,30,14,10
4,18,14,5,19
1,18,18,30,32
30,20,6,26,21
15,18,15,14,32
25,1,10,6,13
4,8,7,30,2
15,20,32,0,31
22,11,3,24,2
31,1,30,20,23
8,3,20,8,1
32,28,15,0,4
21,11,18,28,16
11,0,28,16,8
13,26,18,22,8
0,23,31,29,24
22,18,10,23,27
32,21,30,20,5
7,15,8,10,26
16,26,13,13,21
21,6,20,3,19
19,5,32,3,6
31,24,23,0,1
17,22,26,1,29
29,19,12,13,9
13,18,21,5,29
9,30,9,0,31
11,3,13,16,12
28,26,18,10,2
29,25,23,2,1
1,11,0,26,27
21,0,17,6,21
31,31,6,20,21
1,11,25,13,29
1,13,2,4,6
10,4,23,16,22
12,24,13,17,20
20,17,18,25,21
16,19,24,27,25
6,3,7,11,24
2,32,27,21,11
2,11,6,0,27
26,18,16,32,29
24,8,11,22,23
12,14,11,20,6
15,28,31,9,32
32,21,19,24,30
17,31,32,7,24
15,8,7,4,5
15,16,26,15,10
10,18,9,31,28
32,3,31,21,10
23,26,16,30,30
1,9,1,0,12
11,27,3,15,25
28,24,23,0,11
0,19,32,24,4
16,17,23,5,7
22,25,10,6,31
26,20,14,2,16
21,21,23,10,19
25,28,9,11,19
32,15,24,8,3
6,11,26,5,25
2,1,26,32,23
10,30,18,18,6
26,13,5,29,5
14,2,24,1,9
24,24,10,13,9
23,31,20,20,27
16,22,16,32,32
10,4,32,19,10
15,14,20,9,22
32,9,9,6,15
25,13,26,9,7
1,31,4,7,5
15,31,32,18,28
16,3,18,10,8
32,21,5,22,25
2,8,10,11,17
18,16,17,6,8
4,13,29,22,24
0,4,9,15,21
17,5,28,17,21
4,3,19,12,18
25,14,9,25,23
0,19,0,21,4
30,12,15,14,23
5,18,8,29,10
30,7,0,15,0
21,11,18,23,10
5,7,20,22,31
19,27,14,27,16
6,24,19,12,4
2,10,16,23,28
4,15,22,15,19
29,31,16,13,21
0,28,24,26,1
29,2,19,11,12
0,13,29,10,20
23,4,22,28,28
20,22,26,6,2
22,8,9,12,20
24,2,8,3,13
6,21,25,1,24
2,24,32,8,17
0,5,4,29,18
3,10,15,32,15
3,11,24,1,31
21,0,1,28,0
24,0,12,17,23
16,1,25,23,19
1,0,30,3,18
16,29,26,13,17
25,7,12,15,23
8,6,5,10,16
21,10,12,26,10
10,17,3,24,14
31,32,24,9,31
29,12,10,26,17
29,23,22,27,30
29,3,21,16,2
24,9,23,26,12
27,13,24,9,12
29,28,30,22,17
29,15,8,15,5
9,21,13,29,19
9,3,22,17,25
24,19,10,1,16
32,8,0,5,16
27,22,14,15,5
8,19,9,3,0
24,24,4,15,9
30,0,32,31,19
17,21,30,3,28
17,8,8,30,24
16,4,5,15,3
20,15,29,14,15
2,4,24,17,27
16,24,10,9,12
13,17,12,26,32
7,9,17,10,6
2,3,25,23,21
4,1,10,26,17
19,32,3,32,22
10,19,10,16,17
7,20,18,28,4
21,12,18,14,2
18,24,32,12,22
25,28,2,27,23
25,30,30,17,30
25,5,6,10,0
9,17,0,20,22
26,16,8,15,9
4,8,24,4,7
17,32,16,1,21
27,4,12,15,16
6,26,32,11,22
25,23,30,3,7
14,8,27,27,28
30,4,17,8,5
18,8,0,30,9
26,3,19,16,16
16,15,14,17,29
24,21,31,15,22
14,28,2,12,1
12,14,21,32,16
18,27,7,25,23
31,7,6,14,12
14,10,30,3,5
16,11,2,21,31
22,28,32,20,30
24,2,19,19,6
6,10,0,30,18
18,29,21,23,5
18,31,1,21,10
15,18,8,26,3
2,29,20,30,17
25,31,15,9,23
1,12,8,3,9
12,31,29,7,9
14,22,13,20,10
2,9,32,14,6
19,22,5,14,0
13,30,26,23,21
19,24,6,31,13
9,17,32,18,29
18,0,28,13,24
15,1,20,4,14
32,2,12,14,15
16,27,13,23,14
23,16,16,19,29
29,21,5,17,23
32,1,11,13,31
3,25,28,21,0
21,3,13,13,11
9,8,7,21,21
0,25,18,26,4
17,15,22,32,26
0,18,19,25,5
18,2,22,31,4
17,28,6,1,21
14,28,9,6,22
31,22,6,1,12
0,21,6,24,5
25,26,23,28,14
27,5,25,8,23
4,2,11,10,14
20,17,24,19,32
7,26,10,5,0
19,6,11,15,25
5,29,13,23,13
8,32,16,25,15
8,6,17,17,21
30,12,24,28,12
1,30,0,29,11
17,18,2,23,1
9,14,19,17,6
32,2,2,5,14
12,20,15,21,15
20,21,11,18,23
21,19,21,11,3
2,27,21,27,14
9,15,19,19,7
0,30,29,19,18
0,29,16,5,20
10,16,7,11,32
2,4,9,12,27
0,28,17,11,21
12,18,31,16,1
9,18,17,26,4
10,5,31,24,9
22,9,14,6,2
18,9,4,31,12
25,17,32,4,32
27,11,32,10,7
17,9,17,13,17
31,20,14,2,3
9,29,1,8,8
3,0,27,14,16
16,32,32,18,6
10,26,27,2,23
24,32,0,4,26
10,32,26,2,30
21,5,14,12,4
29,0,31,17,16
1,2,13,13,4
15,19,4,24,25
16,15,13,9,2
25,16,5,9,14
29,25,16,1,5
21,17,12,2,10
18,31,7,22,19
21,9,25,4,14
11,21,14,3,24
5,5,15,17,28
1,30,29,12,30
24,3,26,14,8
17,8,21,6,19
9,9,9,4,6
5,9,24,28,0
12,23,7,3,13
29,2,10,20,2
31,16,27,1,10
23,6,22,0,2
31,0,0,32,19
21,19,20,25,23
12,32,25,2,3
23,3,22,26,29
30,10,10,6,19
13,22,18,8,30
3,13,30,22,21
25,16,30,5,14
24,29,3,8,24
18,26,0,29,11
1,26,6,19,30
21,21,32,20,31
20,18,2,16,12
32,18,11,18,31
6,10,7,17,31
26,10,21,8,14
8,3,6,1,22
16,21,16,18,10
10,26,22,25,26
28,13,16,31,17
7,15,15,30,6
3,0,26,22,15
1,19,17,10,7
4,7,15,23,4
30,29,15,10,5
19,16,25,4,4
20,21,31,20,22
1,16,18,11,28
0,12,19,17,19
18,8,20,14,6
12,14,4,5,22
15,13,28,20,23
25,27,29,0,3
1,15,31,6,10
28,6,27,11,7
3,31,32,32,4
1,17,28,2,32
23,23,24,21,25
8,2,15,3,15
12,31,10,15,0
24,5,17,25,1
7,16,5,23,8
21,10,2,16,25
10,24,26,24,2
22,26,9,10,15
5,18,8,9,27
9,13,3,19,18
25,31,14,31,30
31,25,9,21,13
26,5,19,13,7
21,15,13,5,25
22,26,13,30,32
16,32,7,4,8
13,27,10,23,29
29,3,6,15,32
12,31,9,18,20
19,2,0,1,25
13,16,9,1,26
0,7,13,14,3
23,29,14,18,24
27,21,9,15,17
5,1,18,12,18
6,30,29,23,18
8,24,15,18,17
7,18,21,6,22
27,32,17,3,6
5,19,13,12,22
17,4,19,32,8
19,10,31,12,13
13,28,16,0,30
25,17,8,17,12
6,13,10,30,3
11,26,7,3,24
2,1,23,26,32
27,6,29,26,0
18,21,5,26,6
10,3,28,12,21
2,27,15,27,17
9,8,18,17,11
29,28,31,28,17
23,14,19,9,12
18,32,1,17,9
25,4,25,2,26
26,2,3,15,18
9,0,13,16,27
15,30,26,23,22
29,30,16,17,24
7,23,21,21,11
24,31,0,23,30
31,16,10,29,18
18,2,31,30,0
6,32,29,0,29
31,29,11,16,4
29,28,0,14,6
16,29,10,3,14
8,11,18,3,16
11,5,24,29,15
13,13,31,14,8
9,22,17,9,8
26,26,9,26,27
21,29,17,13,12
12,10,5,1,23
30,29,12,13,7
28,3,14,24,22
2,1,2,22,27
7,29,1,1,15
24,12,19,26,20
4,15,31,4,11
7,20,14,8,27
11,16,15,25,0
8,6,4,20,26
4,14,12,30,17
10,31,13,22,7
17,8,18,24,23
0,27,17,20,18
3,2,16,12,21
1,11,22,11,22
6,5,23,24,25
31,11,10,32,0
20,10,2,22,30
13,12,13,0,29
11,24,6,25,21
14,19,0,25,4
10,7,17,8,30
11,11,10,24,4
16,8,9,11,20
13,18,6,25,10
10,12,16,21,5
13,11,25,17,12
16,3,3,24,11
7,25,11,0,3
12,17,26,32,3
13,30,1,22,9
20,25,3,1,11
32,27,22,32,14
14,14,15,19,3
26,21,10,9,29
12,8,12,14,21
3,15,2,27,5
32,29,21,15,30
5,15,31,4,27
13,2,6,31,8
30,24,23,9,31
32,10,4,22,22
28,9,1,23,3
20,16,5,12,14
27,27,1,12,18
6,10,16,29,15
6,8,19,25,15
7,27,26,29,3
11,1,17,19,1
28,21,9,30,2
21,11,29,3,10
16,20,15,32,28
29,26,25,29,13
18,0,22,4,12
7,25,0,29,14
26,3,21,32,9
30,9,18,10,4
32,25,4,24,19
17,21,12,4,9
1,16,1,26,24
15,8,24,25,27
8,10,17,24,15
31,0,9,10,30
6,4,6,8,31
0,19,15,15,7
2,12,12,24,7
9,26,30,17,20
27,8,15,31,31
6,12,13,11,15
12,27,12,6,4
9,9,23,4,24
32,9,6,23,28
6,19,32,31,17
13,9,21,20,8
20,1,12,4,1
7,32,18,9,28
28,31,0,16,12
20,15,19,3,14
11,2,16,6,26
1,24,1,28,24
6,24,25,10,9
20,18,12,14,31
28,14,25,20,19
30,13,23,4,4
7,2,23,3,19
10,28,18,19,27
5,17,9,23,32
18,2,11,7,24
23,31,9,4,31
15,0,20,28,25
7,23,24,25,12
6,23,9,15,2
32,5,18,30,23
2,8,31,8,6
31,18,24,19,16
31,32,28,0,8
14,17,21,16,3
2,28,11,30,10
16,26,4,21,5
9,6,5,2,31
26,2,12,24,14
32,4,5,28,10
9,18,27,2,25
5,2,5,23,27
26,10,19,16,2
10,15,12,14,28
29,26,7,1,1
1,5,7,11,5
13,4,11,9,8
18,8,11,19,31
9,31,9,7,11
28,31,7,26,31
27,4,8,6,13
26,10,19,1,6
14,9,12,12,28
26,26,28,2,29
1,17,28,16,12
27,5,20,24,23
1,4,28,3,19
25,13,29,3,26
24,6,15,0,8
5,10,28,27,20
26,17,8,31,21
28,15,17,1,11
21,13,6,9,19
11,28,16,16,24
29,25,8,14,12
23,26,24,14,20
11,23,13,30,7
20,29,1,12,17
0,12,17,29,26
24,13,28,27,0
25,17,3,3,20
27,19,11,31,12
8,8,24,0,21
19,26,17,25,11
12,29,5,5,19
27,15,24,9,10
6,17,7,28,2
26,2,1,26,32
30,8,21,9,11
27,30,17,2,21
5,21,4,23,30
4,31,4,16,28
13,8,28,24,27
16,2,16,20,19
4,15,10,4,32
20,21,22,0,3
31,16,30,17,24
12,8,11,20,31
9,19,15,18,3
17,30,30,13,2
26,27,2,10,4
21,5,6,20,17
30,16,30,15,26
19,25,27,10,31
32,0,16,31,30
20,6,24,12,12
32,13,13,15,17
23,6,11,20,17
4,18,20,21,9
5,13,1,3,0
3,21,25,1,5
8,21,8,32,17
27,6,30,11,25
8,18,21,22,25
10,8,26,7,22
8,28,2,30,14
31,21,31,30,19
18,7,29,21,23
9,32,28,24,32
5,26,7,28,2
25,26,24,18,19
30,19,14,20,19
17,25,8,7,3
30,1,13,32,30
23,11,20,23,16
17,30,25,24,7
3,4,21,31,7
22,16,12,13,25
25,16,32,17,18
28,16,27,21,9
26,3,27,11,27
6,6,2,16,29
18,27,19,9,27
1,19,27,10,26
2,28,12,16,4
1,12,28,16,13
15,10,26,16,6
9,12,4,31,12
12,3,16,2,24
4,6,29,14,3
9,28,24,1,21
0,13,27,24,7
6,8,8,1,16
1,26,10,27,14
16,16,20,32,19
27,6,21,15,3
17,20,4,32,14
18,27,4,28,12
0,4,10,32,22
1,4,15,16,18
18,14,27,31,30
30,9,27,29,1
28,22,0,18,30
4,5,28,28,7
26,16,19,0,1
22,31,0,1,12
21,15,28,16,11
16,18,0,3,23
24,31,26,13,11
32,5,21,29,28
16,17,19,15,18
17,14,24,9,13
12,4,7,30,16
9,3,15,24,13
2,11,20,25,28
24,14,20,17,27
0,26,27,8,0
7,9,17,26,26
9,8,31,22,24
20,3,24,6,13
28,20,24,25,32
12,0,14,31,1
3,16,27,29,1
10,13,16,27,22
27,10,18,20,2
29,29,32,18,12
15,11,32,11,24
4,8,21,2,20
14,30,11,30,31
20,8,15,12,17
15,17,4,7,26
22,0,15,20,17
13,32,14,27,0
26,4,15,20,16
31,10,29,10,0
8,28,11,14,27
18,28,14,23,12
27,16,29,3,32
31,17,12,11,4
23,0,5,17,30
13,25,7,14,28
12,11,22,1,28
7,25,5,26,3
2,26,0,23,9
16,8,12,25,11
13,19,18,25,18
4,4,29,12,2
3,23,28,5,31
14,23,31,8,29
5,24,32,6,29
19,6,6,24,26
4,16,4,14,0
7,20,19,30,22
28,8,7,10,22
15,9,9,0,30
9,17,19,25,6
8,22,16,5,30
8,18,26,10,14
9,21,8,0,6
10,5,18,31,1
25,21,14,17,12
20,29,28,21,0
31,22,25,7,3
11,5,14,31,20
30,19,3,27,27
12,23,28,17,21
19,15,13,26,17
23,32,6,22,32
7,19,29,16,21
11,25,32,11,18
20,23,17,25,26
29,11,11,15,8
19,25,18,3,12
1,25,4,26,8
4,24,3,23,29
14,22,29,9,18
32,17,29,13,15
29,0,27,10,18
8,17,15,9,24
9,15,16,21,22
27,1,20,24,29
12,13,0,20,19
21,17,29,21,25
26,20,22,30,5
2,22,4,28,7
14,5,12,31,11
14,15,29,13,29
3,0,32,29,5
16,17,5,26,2
29,18,11,11,29
15,28,29,13,16
3,27,29,3,16
28,8,9,12,11
26,20,3,9,6
5,22,10,13,28
2,17,5,19,29
12,8,10,32,27
1,17,28,27,22
11,29,30,11,29
28,27,9,22,9
9,18,18,23,27
18,18,5,6,12
5,9,15,25,29
29,28,24,1,23
0,10,13,1,10
28,22,22,8,13
16,18,25,27,16
31,16,5,22,4
22,10,14,14,29
19,19,32,14,24
13,3,26,10,25
11,22,13,21,15
16,10,23,16,2
26,21,1,32,21
20,9,3,31,13
16,7,22,24,22
7,1,24,15,6
27,1,20,1,23
12,3,29,12,26
6,18,26,4,13
25,30,4,20,6
6,29,25,12,8
21,10,12,5,22
7,20,5,15,21
27,6,14,27,21
1,1,13,13,17
18,21,7,10,19
28,22,27,32,14
29,0,24,31,0
28,20,5,6,13
8,1,10,18,8
12,5,0,25,27
19,0,11,21,11
6,6,25,22,17
7,20,7,16,10
32,20,18,13,12
18,11,15,26,9
26,19,1,12,27
32,30,29,18,22
2,15,11,15,22
0,24,17,18,2
15,25,21,9,20
16,0,30,10,14
10,12,24,25,5
24,7,3,13,15
26,27,6,1,24
9,22,0,25,7
1,28,16,15,25
27,3,32,1,8
17,28,24,11,25
25,28,13,22,12
19,29,32,5,13
12,31,14,1,7
10,26,0,5,30
12,18,18,26,18
19,20,21,5,17
22,2,17,30,0
18,13,21,24,6
2,17,18,23,28
25,28,13,19,3
12,0,0,16,22
4,8,7,27,27
6,31,17,22,30
31,18,9,12,21
11,21,24,15,18
6,23,0,30,22
9,21,25,20,26
31,19,7,28,0
11,16,10,22,15
30,26,13,9,14
29,5,18,4,1
29,31,18,14,17
6,30,22,32,27
13,14,29,32,7
22,15,1,31,1
9,29,25,8,22
12,7,32,15,16
0,22,19,25,16
24,14,14,7,4
8,31,22,22,21
30,12,28,7,23
26,22,23,24,24
32,13,8,8,4
5,30,0,11,1
2,23,11,16,8
17,18,23,14,32
3,25,32,29,9
21,2,5,16,31
25,10,22,16,22
12,18,0,12,21
26,0,32,15,6
10,3,23,25,28
6,6,24,17,20
26,4,16,14,31
30,8,1,23,20
24,11,23,18,28
19,9,17,3,22
29,32,7,7,12
21,24,9,5,28
17,4,9,19,31
2,3,0,0,5
19,14,20,32,3
20,25,5,26,19
22,11,7,5,12
6,2,28,32,6
8,6,22,17,1
27,29,11,22,19
22,9,30,21,29
32,25,13,7,9
11,23,25,28,22
15,12,3,11,4
22,16,30,11,13
18,19,12,7,19
13,1,32,9,3
16,12,25,7,10
17,24,32,19,3
9,10,3,0,12
31,13,29,7,11
17,8,18,10,3
3,32,32,8,3
16,18,7,0,0
30,30,30,26,32
21,3,3,8,9
22,20,25,24,5
24,24,30,13,3
31,2,10,13,9
17,5,3,9,15
2,15,20,27,29
9,1,32,11,16
23,24,30,15,11
27,25,15,14,9
0,21,16,9,7
1,10,7,19,29
25,4,12,17,22
1,2,21,19,18
13,14,18,18,3
0,12,17,29,25
28,2,0,25,2
13,19,16,26,28
25,8,11,24,21
26,32,16,15,26
15,26,1,17,4
21,10,20,19,12
32,22,15,27,7
0,4,0,21,7
16,26,18,19,32
27,31,27,2,7
27,23,28,8,2
9,12,17,15,27
24,6,17,26,15
5,6,12,21,17
0,31,20,4,4
20,2,23,6,23
12,31,17,8,4
4,20,9,17,32
13,31,12,28,26
15,2,6,16,26
20,22,11,13,20
30,22,0,19,30
11,31,16,16,1
24,22,9,16,17
3,5,6,18,13
0,24,26,1,27
14,12,5,21,10
18,26,17,26,22
9,6,14,10,9
11,9,3,25,24
0,8,20,20,16
8,13,1,1,18
8,17,2,3,18
8,4,9,6,4
31,25,13,8,17
17,13,18,29,0
3,9,21,13,21
12,18,6,30,4
20,26,13,6,22
20,16,18,19,15
16,11,1,1,6
24,2,7,11,6
29,13,30,26,18
3,28,7,24,9
28,2,28,24,22
12,1,31,9,5
8,0,25,20,9
26,21,11,14,8
12,2,29,5,29
19,29,9,3,31
22,16,20,24,0
6,12,19,31,13
21,24,26,16,27
17,30,12,26,20
31,12,29,8,27
32,4,20,29,28
4,12,18,10,9
16,25,9,1,16
7,1,15,5,17
30,27,11,21,16
31,20,30,9,6
31,26,16,11,29
31,22,7,31,20
1,6,18,22,8
7,21,31,32,18
25,5,15,13,8
19,4,15,21,20
11,16,15,12,7
23,22,12,22,16
21,13,5,19,19
22,4,32,11,3
20,27,15,30,28
3,0,31,18,19
7,8,17,1,10
22,10,18,19,15
25,26,5,21,27
26,30,14,24,28
23,9,15,6,17
9,30,29,22,4
19,5,25,16,26
11,22,17,17,6
8,14,27,9,11
9,15,11,1,31
8,31,3,19,22
4,21,4,6,16
15,27,25,3,21
21,28,28,11,16
8,1,21,3,14
28,27,29,29,17
21,17,24,29,16
15,11,10,12,4
21,19,9,32,5
21,11,27,25,9
18,14,28,5,14
11,15,29,31,2
8,23,13,11,1
17,8,31,4,25
32,28,0,31,29
13,2,18,5,16
23,7,32,17,1
3,26,17,2,14
20,22,19,4,6
1,24,16,4,7
4,4,27,19,26
28,26,15,2,11
6,25,7,4,1
6,1,27,19,21
13,32,29,13,27
6,4,13,17,14
14,27,0,1,15
6,0,31,14,12
13,22,7,27,31
13,5,31,8,12
19,25,23,14,15
30,22,22,27,19
17,10,27,26,22
25,15,25,26,25
42,43,41,35,43
43,34,41,41,35
42,44,37,43,38
35,34,44,37,35
39,44,36,37,39
40,43,34,36,40
40,40,37,35,38
36,35,42,41,37
40,41,35,38,43
37,38,44,37,41
40,40,39,39,35
39,40,36,42,42
34,43,37,44,41
38,44,40,35,36
41,40,43,35,36
41,35,34,36,40
40,44,38,34,42
44,38,41,39,42
38,35,43,43,39
36,40,34,41,37
40,42,35,39,38
34,34,40,42,36
38,42,44,37,35
36,37,40,38,41
34,42,37,36,44
39,43,41,44,41
41,40,34,41,42
36,41,37,43,44
39,44,38,40,34
41,35,40,42,34
40,42,41,36,41
36,39,42,37,37
35,39,43,39,39
42,34,38,40,42
35,43,41,39,41
36,44,34,44,44
35,41,43,41,41
36,38,35,38,35
40,44,41,43,37
39,38,44,35,41
39,41,42,39,40
39,43,35,35,38
39,36,41,36,34
39,39,44,34,42
41,39,40,44,38
35,43,40,34,34
36,41,36,37,43
41,40,44,34,40
35,38,44,35,37
34,43,42,41,37
44,34,42,44,44
36,37,34,41,39
39,42,34,44,43
44,40,36,42,43
44,42,37,34,35
37,37,39,35,40
36,36,37,37,34
43,38,42,43,40
34,41,38,36,44
36,36,35,34,39
38,34,44,35,40
36,43,40,34,41
41,42,35,44,41
38,38,43,43,38
42,44,36,35,40
34,44,42,34,39
36,37,42,35,39
42,41,42,44,35
40,38,44,36,40
38,41,41,37,38
36,42,34,36,36
41,44,42,41,40
41,39,40,39,35
39,35,41,39,41
38,41,37,36,42
38,41,39,38,34
44,36,42,44,34
38,38,41,40,41
43,44,41,41,40
40,36,34,34,34
39,38,44,42,34
44,37,35,44,37
39,37,44,34,39
40,36,42,35,41
41,38,34,38,40
35,43,39,35,34
44,43,39,43,34
38,43,41,35,37
39,35,38,38,40
43,37,44,34,38
40,44,37,35,35
42,43,43,35,38
40,37,36,35,40
35,35,34,37,38
40,41,40,43,34
37,36,41,35,37
44,36,35,34,37
44,43,44,38,42
38,41,36,42,34
34,42,38,37,36
42,41,44,42,38
38,43,44,39,44
37,39,38,41,39
37,37,44,37,39
44,35,42,35,44
44,35,37,38,44
44,34,42,41,34
38,36,37,38,34
34,44,36,39,37
40,37,34,41,36
39,38,35,38,40
41,37,41,40,42
38,35,38,43,36
41,39,37,43,44
40,42,42,35,36
44,38,40,38,38
43,40,41,42,39
37,34,41,44,42
38,41,38,40,44
39,39,43,43,44
40,41,40,39,43
34,42,34,42,40
40,41,34,42,35
44,43,40,44,40
34,35,37,37,34
40,43,43,38,44
39,40,39,44,39
34,34,37,40,39
37,42,44,37,35
40,35,40,35,38
38,38,40,41,39
35,44,44,40,40
35,38,43,34,42
39,43,43,34,44
41,40,44,39,37
37,44,36,34,35
41,39,40,37,40
35,43,34,44,41
36,43,38,44,34
37,38,40,39,35
35,38,36,34,43
43,41,37,44,39
37,34,40,36,36
35,39,34,42,43
44,34,40,35,40
42,44,42,43,37
39,37,40,37,38
39,41,42,34,39
36,39,43,36,37
42,36,39,34,40
41,34,34,40,39
42,36,40,43,34
43,42,37,36,44
36,37,44,43,36
34,39,34,44,34
42,44,39,37,36
43,39,39,35,42
40,37,36,43,40
38,35,39,38,37
39,35,38,39,39
44,35,44,34,41
36,36,44,42,44
43,44,35,43,36
37,35,36,37,40
38,39,34,35,39
40,36,35,35,37
34,36,35,41,36
41,42,41,44,40
34,40,36,36,37
44,34,37,42,34
40,42,34,44,34
37,36,39,34,42
41,43,34,43,36
43,37,44,41,42
41,43,35,34,37
44,42,39,42,43
36,39,44,35,41
41,43,36,36,42
36,35,37,44,35
44,37,34,44,37
35,38,34,34,37
35,40,34,43,44
41,40,36,39,38
35,40,42,35,43
37,35,43,37,41
38,43,44,43,41
43,34,34,42,40
38,37,39,34,38
39,38,39,44,40
39,38,42,35,40
41,34,36,34,41
42,36,40,40,44
43,36,38,43,38
39,40,40,39,43
37,40,34,34,39
37,38,37,35,35
36,41,43,42,39
34,41,34,34,41
37,39,38,37,41
38,43,43,39,44
35,39,39,43,40
34,35,34,34,42
36,42,43,34,40
38,36,44,42,39
37,38,38,36,34
35,36,42,35,34
40,36,41,35,37
36,39,39,37,37
44,36,40,36,38
35,39,42,44,36
40,37,44,40,38
35,42,37,36,37
35,41,39,39,42
34,38,42,38,43
40,43,37,35,37
42,35,40,36,40
38,39,40,44,36
36,44,44,41,40
36,44,35,39,39
35,43,36,34,36
39,35,36,35,44
41,38,40,40,34
35,42,37,40,42
41,34,40,42,34
38,41,41,37,35
40,38,44,39,37
35,43,44,34,36
35,39,43,42,43
37,39,34,39,44
35,43,38,39,42
40,38,44,44,43
42,39,35,34,42
44,34,35,34,43
37,34,38,43,37
44,43,41,41,43
44,39,35,36,42
37,41,43,35,43
40,34,44,36,41
37,35,42,43,40
41,34,40,35,41
35,40,41,34,36
38,44,35,40,42
38,39,39,39,40
40,35,34,37,34
37,38,44,44,37
34,43,40,37,35
44,40,37,37,40
41,35,44,36,42
40,37,38,38,42
37,42,37,44,43
43,35,44,42,36
37,38,41,36,44
43,43,38,42,44
43,37,39,42,39
44,43,41,35,36
41,41,37,38,38
43,34,36,36,39
43,43,41,34,42
43,39,34,44,34
44,43,37,35,38
42,35,41,38,41
38,41,37,38,34
44,37,37,40,39
39,38,40,37,44
41,37,35,38,42
44,43,35,36,38
44,40,42,38,42
40,40,38,37,34
38,44,40,37,38
38,43,36,38,41
35,41,43,40,41
35,38,37,37,39
44,41,35,43,37
36,35,44,40,44
42,40,37,41,37
36,34,40,42,40
40,43,42,38,35
41,35,37,38,35
34,40,38,40,38
44,36,44,36,43
35,38,43,37,37
40,41,35,42,44
38,39,41,40,40
43,34,42,44,36
40,43,35,41,39
34,40,37,44,38
42,40,40,34,44
44,44,43,39,39
35,40,36,40,36
41,36,35,44,41
37,42,34,43,38
38,35,41,34,41
37,37,40,35,38
44,42,37,44,41
42,43,42,39,41
40,43,43,39,38
38,43,34,35,37
41,44,38,39,34
39,44,36,39,39
41,40,43,41,37
36,44,36,37,37
38,40,39,43,41
36,42,37,42,42
41,36,42,36,38
34,34,44,34,37
37,35,35,41,37
40,43,42,40,44
41,35,38,41,42
42,43,35,41,40
39,42,43,44,35
42,43,35,38,36
41,36,39,42,44
44,35,38,34,43
38,37,34,34,42
44,37,42,39,36
39,39,41,40,43
38,40,44,39,40
39,34,42,36,35
37,38,36,40,38
41,36,37,34,39
40,43,35,42,40
36,44,35,42,44
42,38,43,34,43
42,38,34,38,42
39,40,40,38,35
34,41,41,39,35
43,38,37,40,36
43,39,36,44,34
44,36,40,35,41
35,39,39,44,39
42,36,41,36,38
39,42,37,38,43
40,37,37,39,40
36,35,36,38,44
44,40,34,41,44
35,42,44,40,38
37,44,37,44,44
40,42,35,41,36
38,37,42,37,40
38,40,35,43,40
42,42,41,39,39
44,38,38,43,43
39,43,44,34,37
43,44,35,38,34
44,35,34,36,41
39,37,39,35,35
40,43,39,44,35
44,40,37,35,37
36,36,41,38,42
37,37,38,36,44
39,41,41,44,34
42,39,35,35,43
39,40,36,35,37
41,39,37,34,34
36,37,35,34,44
44,36,36,34,39
42,38,40,39,43
42,43,40,42,39
34,37,38,37,43
42,38,40,44,41
39,35,42,37,34
34,34,42,39,37
35,44,42,34,40
43,44,41,36,39
43,40,42,38,42
40,39,34,34,40
44,41,37,40,34
39,37,39,38,34
38,40,40,35,39
34,43,42,42,43
42,38,41,43,36
34,42,44,40,42
39,34,34,36,38
41,40,40,44,42
39,44,34,42,36
37,40,41,40,43
40,38,44,44,35
37,40,43,42,44
40,35,39,43,34
43,39,39,38,43
34,40,41,41,39
42,39,37,38,37
38,38,42,38,44
34,44,36,34,37
43,44,41,36,37
41,40,38,44,38
40,38,40,43,40
35,40,34,42,40
43,42,42,38,41
41,40,41,44,39
35,42,40,38,40
37,42,41,34,44
43,41,39,42,42
42,34,44,43,37
37,36,38,40,36
36,34,38,36,37
38,34,41,44,41
36,37,38,38,37
43,41,39,36,40
37,38,42,37,41
38,41,39,43,40
36,41,41,40,40
39,43,38,38,44
34,44,42,35,39
38,44,40,40,43
38,34,44,38,35
36,43,36,42,44
41,41,41,35,38
43,35,39,35,40
38,43,44,37,44
39,39,36,44,41
43,34,40,37,40
34,37,39,35,35
42,41,42,40,42
40,39,43,34,39
44,40,36,39,37
41,41,35,42,42
40,39,34,41,40
41,38,43,38,35
40,43,44,35,42
34,34,36,40,43
43,39,39,38,34
39,42,34,35,44
43,35,40,35,38
41,44,42,34,43
36,35,41,35,39
42,37,39,36,40
35,43,38,41,40
39,42,36,44,35
36,35,44,43,34
41,36,37,38,36
37,34,38,40,35
40,40,34,39,34
35,38,41,44,42
39,37,34,43,34
43,35,43,42,44
42,42,44,40,41
34,35,40,41,44
44,39,39,41,39
38,43,39,37,38
34,34,43,38,38
36,40,43,39,38
35,38,35,37,36
36,36,39,39,37
34,43,44,39,40
41,41,41,35,41
44,44,37,44,36
38,37,38,44,36
38,41,38,39,39
37,37,41,43,39
44,40,37,35,40
36,36,40,35,36
37,42,42,43,35
38,34,35,39,43
39,42,44,42,44
42,39,38,40,38
36,40,35,43,36
39,41,44,35,38
35,37,37,43,41
39,36,40,44,43
38,43,36,34,41
34,36,34,34,37
43,34,39,42,36
40,41,41,40,41
44,43,42,38,43
36,41,43,38,43
34,38,39,39,40
34,44,43,39,34
44,39,44,39,41
37,41,37,42,39
36,35,34,40,38
34,43,37,35,35
39,37,37,38,41
37,44,35,38,44
38,38,35,43,35
36,38,39,41,36
35,42,36,40,42
37,37,35,37,34
35,40,41,41,34
42,44,38,40,44
39,37,43,40,35
44,38,36,39,39
35,44,37,36,35
40,34,43,37,35
44,42,40,40,39
39,34,43,44,42
37,35,39,37,36
44,37,39,42,40
42,42,44,36,44
36,35,38,36,35
35,38,41,38,37
38,41,39,44,43
36,36,35,40,43
38,42,37,40,44
43,37,44,34,35
38,38,39,34,38
39,41,44,34,35
44,36,40,39,38
37,34,42,39,34
35,44,34,39,34
35,36,35,34,38
44,34,43,44,39
42,35,43,38,39
37,34,36,44,40
43,40,41,42,42
39,44,35,38,35
34,38,43,40,42
35,38,34,36,37
35,37,38,41,37
35,40,44,34,42
34,43,44,39,39
36,38,40,39,37
38,36,39,35,39
38,41,36,39,35
37,36,41,41,37
42,35,40,40,37
42,34,36,37,39
41,36,42,44,39
40,40,34,40,35
41,44,39,42,41
39,37,36,43,37
36,39,35,37,35
42,37,34,38,42
36,39,34,39,44
41,42,43,41,35
44,41,37,34,44
36,34,39,34,38
39,36,38,40,37
36,44,40,34,44
41,37,36,41,41
43,38,38,40,34
35,38,38,40,42
40,44,35,43,42
44,35,41,39,44
38,34,36,34,36
37,42,41,36,34
41,35,38,43,42
37,37,34,41,38
41,35,43,34,37
41,36,35,38,42
35,38,43,42,41
35,35,40,40,36
40,42,37,37,44
41,43,41,42,43
36,39,39,41,39
42,42,36,43,38
40,43,39,42,44
40,40,35,41,44
42,35,40,36,36
42,38,44,39,34
39,43,42,35,36
34,39,35,42,41
36,41,36,35,34
36,43,39,38,42
43,43,39,35,34
36,36,36,39,37
42,42,38,37,41
42,34,34,40,43
41,35,43,35,36
39,35,36,39,42
38,35,35,38,42
41,36,42,34,42
42,42,37,43,44
34,40,44,38,40
35,37,44,44,44
37,39,38,36,44
35,42,35,40,44
34,36,43,43,34
35,37,44,42,42
39,38,43,43,41
40,42,39,38,34
37,39,42,39,40
40,39,39,44,42
37,37,40,42,42
40,42,42,34,35
39,38,41,42,41
34,39,37,34,36
40,37,40,39,42
42,34,39,44,40
39,34,43,44,44
35,44,38,40,42
41,41,35,35,36
38,39,36,40,43
42,39,34,41,42
36,40,42,34,39
41,40,39,40,43
44,37,44,37,41
43,35,44,36,41
35,41,39,41,43
39,42,38,37,34
41,41,38,34,35
42,38,41,43,42
43,43,41,44,36
42,42,39,34,43
41,41,35,35,41
44,41,44,43,42
39,40,37,38,41
34,35,42,39,40
36,43,39,37,36
37,41,42,35,42
43,43,42,34,41
35,35,34,43,40
39,38,39,43,42
34,38,37,37,42
39,37,42,38,42
34,36,37,34,39
36,43,41,37,42
35,37,36,41,43
34,34,37,36,40
40,41,34,36,36
44,42,39,35,34
41,38,34,39,37
39,41,35,43,43
36,34,43,40,41
37,38,37,43,43
40,39,35,35,35
34,34,43,38,34
41,36,41,34,42
37,36,42,37,44
43,38,35,35,34
43,41,38,43,36
41,38,44,35,41
34,44,43,35,36
41,38,43,44,35
37,44,37,34,38
39,44,38,35,41
35,44,42,38,36
42,38,40,41,35
34,34,35,38,36
43,37,38,39,37
42,35,34,39,41
37,35,41,39,36
43,40,43,39,42
38,39,44,35,36
36,40,37,40,36
34,39,40,34,34
38,42,42,43,43
37,42,35,43,37
36,41,36,35,42
43,36,36,34,42
39,34,36,39,42
38,40,41,41,35
39,42,39,34,43
43,42,40,44,37
44,34,41,44,38
35,40,37,41,41
44,37,43,43,42
43,42,43,40,42
41,38,44,35,34
43,39,39,44,40
38,44,37,39,42
36,36,39,34,42
38,42,42,34,43
36,37,44,38,44
44,34,44,44,40
44,41,39,37,35
36,39,38,35,38
44,36,41,36,35
34,36,38,37,41
34,41,44,42,35
34,36,42,44,34
40,36,41,42,42
35,39,38,34,37
40,35,40,41,40
44,43,44,37,34
44,36,42,36,35
41,40,39,42,43
40,44,41,38,38
38,34,35,38,40
41,38,35,37,44
42,43,44,43,41
38,37,39,43,38
38,39,38,36,39
43,42,38,43,40
42,38,38,43,34
40,38,43,39,41
38,36,35,38,42
38,43,37,40,34
44,43,41,37,38
40,36,43,44,35
35,43,43,40,40
39,38,40,42,35
36,37,42,42,41
38,39,39,43,38
38,34,36,39,40
44,38,37,40,41
41,38,34,40,38
44,42,42,43,36
38,36,36,41,34
40,42,44,42,36
37,44,39,43,41
39,35,39,35,35
35,39,34,35,34
39,44,35,42,38
36,43,36,43,37
39,34,36,44,42
34,39,34,38,44
40,42,35,41,39
41,43,44,41,34
43,36,41,35,37
41,41,38,43,41
42,41,44,35,37
43,36,34,35,38
42,42,36,34,34
36,39,40,37,39
41,44,39,36,38
39,37,39,44,41
44,34,44,42,43
41,37,43,42,39
34,41,38,44,38
43,34,36,39,35
40,35,36,35,35
42,40,37,37,42
37,39,34,36,40
41,35,39,36,43
42,42,42,43,43
37,40,39,44,42
38,44,42,36,38
41,37,44,35,43
37,41,42,40,40
36,42,39,40,42
41,44,39,43,43
40,41,44,38,34
43,43,40,40,42
38,36,44,35,39
42,35,39,37,43
34,40,40,43,40
36,44,44,39,39
36,35,41,44,35
38,39,34,41,41
35,43,38,43,36
43,37,40,40,42
35,34,40,35,39
41,44,40,42,42
35,34,40,42,37
39,42,42,39,38
40,43,36,41,38
36,39,42,43,36
42,37,34,42,42
38,38,40,43,40
36,34,40,41,37
44,37,44,35,35
34,42,36,37,36
41,43,36,41,37
44,37,35,35,42
40,43,37,34,37
42,42,36,34,39
38,35,39,34,42
41,43,37,38,34
39,37,35,37,42
35,44,35,35,40
39,43,34,35,42
34,40,44,36,40
44,37,40,39,44
37,40,42,39,44
40,39,35,39,38
40,35,39,34,37
34,44,44,39,43
44,36,36,35,34
36,42,34,38,42
43,34,36,41,36
38,37,39,36,36
38,44,35,41,44
44,43,41,34,36
42,37,35,34,41
38,38,37,38,42
41,36,37,34,37
39,38,44,38,44
35,42,43,40,44
37,41,40,36,40
43,35,34,41,41
44,35,36,42,41
35,42,40,34,35
37,35,44,43,35
41,38,41,41,43
37,40,42,43,38
36,36,36,42,41
35,41,34,36,37
36,35,35,44,41
39,38,44,42,35
40,42,41,44,43
34,37,34,41,43
41,43,35,34,43
36,36,41,35,39
37,38,36,43,41
43,35,44,36,38
34,34,35,42,38
35,39,42,41,43
43,37,38,34,35
40,38,40,41,42
43,39,35,36,38
41,36,40,41,38
43,38,38,41,37
42,35,41,41,39
37,42,42,40,41
38,40,35,37,37
43,38,40,37,38
34,40,39,41,44
40,37,39,40,37
34,41,44,38,37
43,40,39,37,44
39,40,41,37,34
39,34,34,39,40
37,36,36,36,44
42,39,38,42,35
38,35,40,36,41
41,41,36,41,41
40,36,34,37,39
43,42,42,44,35
44,34,44,42,38
41,38,44,35,41
37,42,41,40,44
39,40,41,40,43
39,43,41,41,34
36,38,40,43,36
39,37,40,43,39
42,41,43,35,41
39,41,39,42,42
42,43,42,35,40
34,37,44,37,42
38,41,40,41,44
44,38,41,35,37
38,36,34,36,36
37,41,34,44,44
39,40,39,43,36
40,34,37,39,41
36,34,39,35,43
41,41,38,41,36
40,40,39,43,37
40,39,42,36,41
36,40,42,34,44
41,34,43,44,35
34,40,36,34,34
36,36,39,39,37
34,40,42,40,36
40,37,41,34,43
37,43,44,34,34
42,44,41,39,41
40,44,43,36,43
35,40,42,39,39
34,34,35,38,34
38,39,44,42,36
40,44,42,40,44
41,36,37,42,35
39,41,38,42,43
36,38,37,42,42
34,34,38,34,35
38,38,34,40,41
40,44,39,38,41
44,38,38,38,34
42,36,40,43,44
38,37,36,44,34
36,39,42,36,42
34,36,40,37,41
42,44,37,38,41
44,36,37,40,42
39,42,38,44,40
39,42,38,44,41
41,39,40,34,38
39,41,43,43,41
35,44,40,43,34
40,44,40,42,40
37,39,40,37,40
42,39,38,37,34
41,43,37,39,38
36,38,42,40,35
37,41,36,41,37
36,41,42,40,41
41,38,42,44,43
37,36,39,41,42
36,37,41,39,42
43,44,43,34,41
39,35,44,39,39
41,42,37,44,36
38,38,36,35,38
34,34,35,39,44
44,36,36,38,38
36,35,38,40,39
40,37,35,44,37
42,44,41,39,36
38,35,37,41,34
36,39,42,37,40
44,37,35,36,37
34,38,41,40,40
38,40,41,36,36
37,39,41,40,43
35,42,38,39,38
36,44,39,41,44
37,41,37,41,42
41,36,38,42,39
38,39,41,37,36
40,44,34,44,41
35,43,41,43,42
41,39,40,39,35
44,37,44,36,35
34,38,43,42,42
41,38,40,40,36
34,36,35,38,36
42,39,40,44,39
44,36,37,44,36
42,38,42,36,37
36,34,41,43,43
36,35,43,39,40
40,43,37,42,43
42,42,42,36,44
35,36,35,39,39
44,41,40,37,38
36,34,43,40,42
43,37,35,41,34
36,41,42,36,39
43,35,41,36,44
42,38,34,34,37
43,37,40,38,35
44,35,38,43,41
37,39,39,36,35
43,40,43,42,42
44,34,40,43,39
34,43,39,39,36
44,40,41,41,44
42,35,40,39,37
41,44,37,34,44
37,35,35,35,36
35,40,38,40,40
42,40,37,41,42
43,43,35,38,34
36,36,41,37,34
43,39,37,38,36
39,41,35,38,41
43,36,35,35,40
42,40,36,37,38
35,41,43,40,39
44,34,36,41,37
34,43,34,36,39
42,41,37,43,36
34,37,44,38,42
35,44,36,38,43
43,37,44,41,38
37,35,34,44,38
44,41,44,36,36
43,43,44,42,34
44,42,44,42,38
34,37,43,36,38
41,41,40,34,37
34,44,40,44,35
39,42,44,36,40
43,42,39,36,41
40,39,36,37,40
37,38,39,34,38
38,42,43,44,44
42,38,34,37,41
35,37,38,36,41
43,34,43,43,36
41,44,35,40,41
36,40,36,34,38
44,35,44,42,43
43,41,36,38,37
34,40,41,39,35
44,42,35,36,35
41,39,44,34,36
39,44,40,40,40
37,37,38,43,42
39,40,44,44,34
35,35,42,34,36
35,39,39,38,44
35,44,41,42,40
43,34,34,34,42
41,44,43,35,34
39,38,43,39,40
43,34,44,39,40
44,43,42,44,36
37,36,37,42,38
34,40,44,44,44
39,36,36,43,40
42,38,39,39,36
35,40,35,38,42
34,41,34,37,37
43,40,41,39,43
41,39,43,40,42
34,36,39,40,34
40,39,41,43,44
35,41,37,35,36
36,40,35,39,42
34,42,34,41,40
34,40,42,38,35
37,42,41,36,38
39,36,43,37,37
36,37,42,37,37
40,39,36,34,35
40,34,44,44,38
42,39,44,34,41
42,41,42,38,37
35,34,35,36,34
34,43,35,41,42
44,43,36,39,38
37,38,44,43,43
43,42,44,42,36
42,38,43,41,43
41,36,43,43,44
42,36,37,41,38
42,36,36,38,39
52,53,47,48,49
53,52,52,50,50
49,46,50,50,53
48,49,47,48,51
54,53,51,53,50
52,50,51,49,50
46,46,52,49,47
52,54,49,48,52
54,54,54,51,54
52,48,52,50,54
50,50,49,49,46
47,47,52,51,54
47,47,52,54,47
50,50,49,46,54
46,50,51,49,50
46,53,50,46,53
52,49,49,46,48
52,52,48,46,52
53,51,49,48,47
48,47,54,49,54
47,50,53,48,49
52,51,53,49,47
46,51,49,49,49
52,51,48,48,46
46,52,46,46,52
48,53,46,48,50
49,52,50,47,49
49,49,53,50,51
51,50,51,51,46
53,49,52,47,53
51,48,49,48,50
49,51,48,53,53
53,47,53,54,53
49,51,48,46,47
50,47,53,53,47
54,49,50,46,49
50,48,49,54,51
52,52,52,46,53
53,48,49,48,51
48,50,54,48,47
49,48,49,53,49
54,50,46,52,50
49,53,52,49,48
53,48,46,54,54
49,47,53,47,50
49,50,54,48,52
54,49,51,51,49
49,51,53,54,48
47,47,46,48,53
51,48,53,53,54
46,54,47,46,47
49,48,47,46,50
47,54,54,53,47
52,49,49,48,49
49,54,52,46,54
53,50,46,54,50
49,54,52,48,48
52,49,52,54,53
52,47,53,51,48
52,51,46,48,48
53,54,51,47,51
47,46,47,48,48
51,46,50,53,54
54,49,47,47,46
46,52,49,52,52
47,49,47,50,48
47,51,47,48,52
46,49,54,47,48
49,51,47,49,53
52,47,48,46,48
51,51,50,54,54
50,48,54,53,51
46,46,53,50,53
52,49,53,54,49
51,47,47,53,54
50,52,54,49,49
51,49,49,54,46
47,54,48,52,49
49,48,51,53,51
50,46,50,47,50
47,51,54,53,53
51,52,46,52,46
52,48,48,52,48
46,50,53,53,48
46,46,47,53,54
52,53,47,48,47
50,48,48,47,49
46,49,53,46,49
49,52,52,48,54
46,51,51,47,54
54,54,51,50,53
49,52,54,46,52
48,54,47,52,52
50,48,48,48,52
54,54,47,50,54
54,52,50,54,46
51,54,49,51,51
50,50,47,49,46
50,51,50,53,48
51,48,47,51,49
47,52,49,53,48
46,47,48,52,47
50,53,46,51,48
46,54,54,48,48
48,50,53,52,53
50,54,50,46,46
49,53,53,54,50
54,54,51,46,47
48,49,51,52,48
52,50,48,51,48
48,53,49,52,48
52,52,54,48,54
46,52,47,50,49
51,48,50,51,46
47,48,49,47,53
52,51,51,54,46
50,54,53,46,48
54,51,52,47,49
54,52,49,52,52
50,51,54,52,53
49,49,53,46,53
50,48,51,48,48
46,50,52,52,54
54,54,50,54,46
50,46,47,52,48
51,49,46,53,50
53,54,49,50,48
51,47,50,46,49
47,47,53,54,49
50,54,49,48,51
54,50,52,53,48
53,48,53,52,47
49,53,48,49,54
52,53,52,53,51
46,54,50,50,50
46,53,46,54,53
46,47,54,46,48
53,54,50,50,53
51,54,54,46,47
47,54,53,54,48
48,52,51,46,49
51,46,51,51,51
47,52,54,53,47
52,54,53,47,54
46,46,54,53,50
50,49,49,49,52
54,54,53,52,54
53,47,49,49,49
46,47,53,54,53
52,50,52,48,49
52,49,49,51,49
49,51,50,52,53
54,53,47,50,50
53,49,54,53,48
50,49,49,53,49
53,51,51,52,50
47,46,51,53,48
48,48,47,48,47
47,54,48,52,46
51,50,48,52,49
54,51,47,50,47
46,47,52,49,53
53,54,53,51,50
50,46,47,46,50
48,52,46,53,54
48,54,48,49,52
51,53,49,50,46
53,52,50,54,51
48,54,51,47,50
49,51,48,49,51
46,50,49,46,53
53,54,50,46,49
49,53,49,54,46
52,47,54,49,47
47,48,47,53,49
49,47,49,49,50
53,47,49,47,50
46,46,49,53,51
47,46,49,51,47
51,48,50,48,53
52,47,48,48,48
47,47,46,52,47
54,47,51,52,54
49,47,48,50,49
48,50,54,47,48
50,51,47,49,54
53,53,52,46,51
53,52,46,47,48
49,47,52,49,52
51,51,52,53,47
48,48,48,48,51
47,50,54,54,48
46,47,48,50,54
49,49,46,46,52
47,48,48,50,48
53,51,53,46,51
50,51,52,54,50
52,51,50,50,52
52,46,46,53,54
52,51,54,51,47
48,46,50,54,49
46,48,48,52,48
53,46,46,54,48
47,50,52,50,52
50,48,46,54,53
49,48,51,51,51
52,46,49,50,48
48,52,50,50,53
50,49,50,51,50
49,54,50,52,51
47,52,48,46,50
47,48,52,54,48
46,51,46,47,54
48,54,51,46,48
54,51,52,51,47
47,51,51,49,49
50,48,46,49,46
51,53,47,50,51
48,48,49,50,47
50,46,47,48,52
52,46,47,46,49
54,46,47,46,46
51,52,47,48,54
50,47,52,48,54
46,51,46,52,54
47,54,48,50,50
48,49,49,54,52
47,52,48,52,48
52,52,47,50,53
50,47,50,47,51
53,47,51,49,54
46,53,54,48,51
47,51,52,54,54
52,51,54,46,50
52,54,47,52,48
49,52,53,49,52
46,46,48,49,51
46,47,53,48,53
53,53,52,49,53
48,51,51,46,47
50,47,46,48,47
50,50,54,47,46
51,52,47,49,54
47,53,53,47,51
52,54,48,46,54
53,50,51,54,51
47,49,46,50,50
50,50,48,46,50
49,54,53,54,53
54,49,48,48,51
54,51,52,51,52
48,50,47,50,53
48,51,54,53,49
52,53,48,53,48
52,54,48,54,54
48,51,52,48,47
52,51,49,46,46
51,46,46,48,49
51,47,50,52,53
54,54,51,49,52
52,51,46,49,54
46,51,46,46,47
47,53,46,51,48
50,52,46,54,47
48,48,50,49,52
54,48,52,50,53
52,51,47,49,48
46,49,53,54,53
54,51,52,52,48
48,48,53,48,54
47,48,52,49,51
52,49,46,48,54
54,50,52,54,53
52,53,49,50,53
54,50,51,53,54
52,49,49,52,48
49,53,48,49,47
48,46,53,50,50
49,51,50,53,51
49,54,50,52,50
54,47,47,53,54
49,48,51,51,46
54,54,47,50,52
52,49,48,54,47
50,48,52,53,46
52,47,48,51,47
47,54,52,53,51
50,46,54,53,53
49,46,48,47,50
48,46,47,52,49
46,54,54,52,49
52,52,52,46,46
49,54,52,47,52
54,51,54,47,54
48,51,54,53,49
51,46,46,46,46
47,47,49,54,49
50,48,53,49,52
54,54,47,54,49
52,53,46,47,46
49,54,51,54,53
53,47,46,48,48
53,49,50,47,54
53,54,51,49,54
49,49,50,52,48
54,54,53,53,54
52,47,47,46,50
47,51,52,48,52
53,48,54,54,50
52,51,54,49,51
53,48,50,49,50
48,50,46,53,47
46,54,51,49,51
53,46,54,49,51
50,49,53,48,48
46,53,53,49,54
46,46,51,46,54
49,46,52,47,52
48,47,46,51,53
52,52,52,48,52
48,53,48,48,51
48,54,49,54,47
53,46,54,54,50
49,47,46,48,46
50,54,54,54,50
48,48,52,50,50
54,54,54,46,50
46,51,53,51,53
49,52,53,51,51
48,47,48,50,49
46,52,52,53,46
50,49,46,54,53
46,46,46,49,50
46,49,53,52,52
53,46,47,50,50
53,46,54,52,47
47,51,47,46,54
50,50,48,49,51
49,51,48,47,54
47,48,52,48,51
54,46,47,53,50
46,49,50,50,54
51,51,47,48,48
53,54,53,51,54
48,50,52,47,50
49,52,53,54,49
50,52,48,48,49
53,46,51,46,47
51,46,53,52,53
46,47,54,49,48
52,52,52,46,47
48,46,54,50,50
53,52,52,48,48
54,46,46,47,53
54,49,54,51,46
50,50,49,53,54
48,53,51,51,52
52,46,48,48,51
48,50,52,48,47
46,51,48,50,54
47,48,47,49,54
50,48,54,48,51
46,51,50,46,50
54,48,48,52,54
51,52,46,46,52
46,49,49,51,46
54,52,53,48,48
49,48,49,54,46
47,49,47,47,51
49,50,52,52,51
48,46,46,47,49
53,54,49,48,47
54,47,47,48,53
51,49,51,50,53
50,52,50,53,54
49,50,47,48,46
49,46,53,46,54
49,51,51,46,50
54,51,47,46,47
47,51,50,48,49
49,54,54,47,53
53,54,52,46,48
51,50,51,47,46
47,52,47,53,49
47,46,49,47,48
49,48,51,49,51
48,52,50,53,46
53,46,53,46,53
52,47,49,53,52
48,50,46,47,53
46,49,48,50,48
47,52,47,53,47
49,51,48,54,52
47,54,49,46,48
47,51,52,51,54
53,52,51,48,52
48,49,52,48,50
47,46,51,46,47
51,49,54,53,46
46,46,46,53,50
46,48,48,46,48
51,46,54,53,49
54,47,50,47,54
54,53,50,53,47
47,48,50,46,53
54,48,48,53,49
51,52,47,51,50
46,48,50,51,52
46,46,52,53,53
46,54,52,50,49
51,51,51,54,49
54,46,47,48,50
52,50,53,47,46
53,52,49,47,47
48,51,47,53,47
53,54,49,49,52
47,48,51,53,49
49,53,48,50,50
50,46,51,49,51
53,54,48,48,48
52,54,48,51,48
48,49,51,53,54
52,51,51,48,51
46,50,54,53,52
50,51,48,46,48
52,46,47,48,52
52,53,53,47,46
53,53,48,46,47
54,46,54,46,52
54,47,53,48,48
49,47,47,51,48
51,54,48,54,50
49,53,51,53,46
47,47,54,54,51
48,48,54,50,47
46,50,47,47,51
51,46,46,54,52
46,48,53,53,53
49,49,50,46,54
46,53,47,50,47
49,48,52,49,54
48,48,48,54,54
49,47,48,47,52
52,48,50,51,52
53,52,53,49,46
52,53,50,47,48
50,50,46,50,51
53,46,48,49,52
52,46,49,54,47
50,52,47,46,52
48,51,54,53,49
49,53,54,53,51
51,49,54,49,46
51,48,53,49,54
48,47,50,49,51
47,47,53,48,53
46,54,50,50,51
52,46,51,49,49
48,53,53,53,52
49,50,49,51,52
49,54,47,46,52
49,54,52,53,50
49,53,51,51,46
47,47,50,50,50
47,49,54,53,54
49,46,46,54,52
49,47,51,47,51
50,48,51,49,50
47,48,46,48,47
53,51,48,51,51
51,51,51,53,54
54,52,51,48,54
49,50,54,53,52
50,54,46,51,52
46,53,52,48,47
54,52,48,54,49
47,50,50,46,47
48,46,52,51,53
49,52,50,48,51
53,49,51,54,48
51,54,53,48,52
53,46,51,53,46
46,46,50,47,48
53,53,51,46,46
52,46,53,47,53
53,51,49,50,54
48,47,48,51,47
47,47,50,53,49
50,53,50,51,53
52,52,47,51,50
48,52,50,48,50
51,46,47,52,53
48,54,54,47,52
54,48,54,47,51
47,52,51,46,46
52,52,53,48,49
47,50,47,46,53
49,52,47,47,49
49,47,48,46,46
51,51,47,49,48
52,53,50,51,50
52,46,53,49,50
52,47,53,49,52
48,51,49,48,47
53,46,52,54,49
49,52,53,49,52
48,52,51,50,50
52,52,50,47,51
54,46,48,46,49
52,48,50,54,52
53,51,51,52,51
54,51,46,46,47
50,47,46,53,54
46,46,54,49,50
48,47,49,52,49
50,48,49,47,48
50,51,54,50,50
50,46,48,51,53
52,48,52,49,47
47,47,52,46,50
54,49,53,46,49
54,50,48,51,51
48,53,46,51,51
48,53,51,50,49
47,50,53,53,50
48,53,52,48,46
51,48,48,53,52
47,54,50,49,52
53,51,50,49,47
54,49,52,53,53
47,47,51,48,46
50,54,53,48,54
52,52,54,48,53
47,54,47,51,46
53,48,49,51,51
53,46,53,49,48
49,54,49,51,51
51,53,52,46,48
50,52,52,52,51
51,51,47,52,53
52,46,52,48,47
53,50,46,50,47
48,51,54,51,49
48,47,54,54,48
47,47,50,54,50
49,48,52,54,50
47,51,53,48,49
49,46,51,47,47
50,51,48,54,47
47,53,51,50,54
46,52,48,47,46
52,54,49,53,52
49,48,52,48,52
51,48,47,54,52
48,54,54,52,53
50,49,48,52,54
50,49,53,54,51
49,46,49,50,52
47,50,50,52,53
48,49,50,51,48
54,53,53,49,51
46,48,47,48,47
50,49,46,46,52
53,53,53,49,47
48,54,53,51,52
47,48,52,52,52
53,50,54,53,54
47,49,54,51,48
51,53,50,51,51
47,53,53,54,48
53,54,53,48,51
52,47,52,53,52
50,54,51,49,46
49,49,49,51,48
50,48,51,47,50
47,53,54,52,50
46,47,49,52,54
48,52,47,48,53
54,54,49,47,53
49,47,52,49,53
54,51,53,49,47
52,54,54,46,50
49,54,49,50,49
50,53,50,53,49
47,51,54,49,53
53,51,49,49,54
46,46,53,54,53
50,46,51,53,53
47,48,52,52,47
46,54,53,50,46
50,50,49,50,52
47,52,50,53,54
49,48,49,52,52
46,51,50,52,49
53,52,54,52,53
53,52,47,49,49
47,49,50,50,54
52,47,49,52,48
47,48,52,52,53
51,52,49,46,54
51,48,52,52,49
47,51,47,54,49
47,54,48,53,51
53,54,49,53,47
52,48,49,52,48
53,51,49,47,53
49,50,48,46,50
49,53,49,54,51
54,51,51,52,48
53,53,49,51,53
46,53,49,54,52
51,48,50,51,51
48,46,48,54,54
53,46,47,49,52
50,47,54,47,51
53,54,48,53,53
46,48,48,53,48
48,51,47,48,46
53,46,54,47,49
49,52,49,47,53
48,53,48,46,51
50,49,54,50,52
50,52,51,53,50
48,53,53,46,47
47,53,50,49,46
54,46,52,50,46
52,52,54,49,53
51,46,49,50,52
53,51,48,53,51
54,48,53,52,47
53,51,50,53,48
53,53,50,53,46
54,49,53,46,49
46,49,46,48,47
54,54,50,52,52
54,50,48,47,48
48,51,52,53,51
48,51,47,48,49
53,54,51,48,50
54,52,53,51,53
53,54,54,50,49
51,46,52,53,53
54,49,49,50,49
53,46,48,50,47
51,46,50,53,50
50,47,49,52,50
50,49,49,51,52
50,52,48,51,50
48,50,47,48,54
52,52,51,50,50
54,53,46,49,46
46,54,54,47,48
52,50,49,49,48
51,54,48,53,54
49,52,47,49,53
50,46,53,49,51
54,48,54,48,46
54,47,49,50,54
50,53,53,54,48
52,47,52,47,51
46,47,50,53,50
51,51,54,48,46
53,50,49,54,53
54,52,54,51,48
46,53,47,51,49
47,52,49,54,53
54,49,50,54,49
51,47,48,47,47
47,53,50,46,46
53,51,54,52,47
49,51,50,51,48
47,52,53,48,53
46,50,46,52,52
54,53,49,54,54
49,51,49,46,51
48,53,49,46,49
47,54,54,54,51
50,50,54,49,49
52,53,53,53,54
51,49,53,54,47
49,47,48,49,54
52,51,50,46,54
50,51,54,51,48
50,54,49,50,48
48,52,54,53,49
49,48,46,51,52
49,50,53,48,50
49,46,50,53,54
46,50,50,50,46
48,54,48,48,52
46,54,46,51,49
54,48,46,51,48
46,46,50,51,51
46,48,53,48,54
52,53,53,46,47
53,48,51,47,51
52,48,47,54,47
48,51,47,46,48
51,52,49,46,46
46,54,48,51,51
54,54,53,50,47
48,46,53,50,54
47,51,48,52,52
49,54,48,54,49
50,49,52,54,53
47,49,54,54,49
50,54,49,50,53
53,49,51,52,46
48,48,50,53,52
46,53,49,54,54
52,49,46,49,50
51,50,48,48,51
50,54,46,52,54
53,53,50,52,54
48,54,50,54,46
54,53,49,51,50
52,51,47,51,48
50,46,54,50,48
50,47,54,47,46
48,51,49,48,54
52,53,49,49,47
49,50,52,51,47
54,48,53,49,54
46,49,49,52,48
50,53,54,48,50
51,54,46,46,46
46,51,50,50,54
47,51,54,51,51
49,48,53,49,50
51,46,48,51,51
50,52,46,52,49
48,51,54,52,49
52,54,49,48,47
49,52,49,47,52
49,50,46,52,50
54,48,53,49,49
48,53,53,52,46
52,51,50,48,52
48,54,48,50,53
47,52,52,47,54
52,47,50,50,52
46,52,48,52,49
46,50,46,54,50
48,54,48,46,47
49,49,52,49,49
54,46,48,50,46
53,46,51,46,51
46,51,49,50,53
47,51,51,50,48
49,47,51,46,54
54,47,52,48,53
48,52,49,54,48
53,46,51,50,46
50,48,50,49,49
46,53,50,48,47
54,46,53,52,49
53,53,52,48,48
48,50,49,48,46
54,49,47,46,50
51,47,49,51,54
52,50,46,49,54
48,47,54,49,47
54,52,50,50,48
50,54,51,46,46
51,53,49,50,49
51,51,52,49,48
47,48,54,53,51
52,46,48,52,54
50,51,47,53,52
48,50,50,48,53
54,53,47,54,47
49,46,50,51,48
46,52,54,50,53
46,53,53,48,50
47,52,49,48,48
53,48,48,53,47
53,51,54,51,54
52,54,53,52,49
49,50,53,51,54
48,50,50,49,51
47,48,50,54,52
54,52,47,53,47
46,52,52,47,50
51,53,47,52,52
52,53,50,51,53
53,54,51,48,54
49,51,54,52,52
50,46,47,49,54
47,51,50,52,49
52,47,46,49,47
53,54,54,46,54
47,48,54,53,49
51,52,46,52,47
46,48,54,48,53
52,47,54,53,49
47,53,48,53,48
53,47,47,53,53
47,52,48,54,47
54,48,46,50,53
51,46,47,48,46
54,48,46,53,49
52,53,46,52,50
48,54,54,46,48
53,51,54,52,54
49,48,52,52,52
52,53,47,49,53
52,53,51,50,48
47,51,53,49,47
48,53,50,51,47
48,52,53,47,52
53,54,51,54,52
46,52,46,47,51
54,49,49,53,52
50,47,47,53,52
51,48,53,54,54
50,46,47,53,51
48,46,47,53,50
53,46,53,51,48
54,47,52,47,51
53,52,54,53,52
49,53,46,51,53
50,53,50,48,46
52,50,48,47,47
53,50,51,54,52
54,49,54,46,51
46,46,50,47,46
53,51,50,47,52
54,46,52,51,49
51,47,52,50,49
49,48,51,54,53
52,48,47,54,48
46,47,51,48,46
48,52,52,53,50
48,51,53,54,47
54,48,53,47,54
52,47,49,52,46
51,48,47,52,53
46,47,53,54,52
51,49,51,52,50
50,54,51,49,54
53,49,54,50,47
49,49,50,51,54
50,54,46,47,51
49,52,53,51,51
53,47,52,54,49
54,50,53,54,46
53,47,53,54,48
48,46,52,49,46
49,49,47,50,48
52,50,51,47,50
53,48,53,51,52
49,51,48,54,50
50,49,51,52,48
49,50,49,51,50
48,48,48,51,50
52,47,54,53,49
54,52,46,51,52
46,46,51,54,50
53,54,53,49,49
47,46,51,48,49
54,51,50,47,53
46,54,46,52,49
46,51,50,53,46
46,46,50,49,47
54,52,49,47,50
50,53,47,54,53
54,49,51,51,53
49,49,54,50,50
47,52,50,53,52
54,51,50,46,53
48,50,49,48,52
53,51,53,52,51
54,48,47,54,50
47,52,49,53,51
46,47,47,51,49
51,51,52,53,49
48,54,52,53,53
51,53,50,46,49
53,49,47,49,47
51,48,49,53,50
46,53,46,48,53
54,53,53,49,50
49,53,51,47,46
46,49,46,53,53
50,49,48,52,50
47,52,47,47,49
51,48,48,52,50
49,46,53,50,50
46,50,48,46,48
48,47,50,52,49
50,50,47,48,49
52,52,48,52,53
46,53,52,52,46
53,51,51,53,46
54,49,50,50,52
54,53,51,51,48
46,51,51,48,51
54,48,54,47,49
47,47,49,50,51
50,46,47,50,46
54,46,47,49,51
51,51,48,53,50
47,51,46,54,51
47,54,49,47,49
54,51,50,53,48
48,46,49,47,52
54,50,54,53,46
51,47,53,47,51
51,48,47,52,51
49,53,51,46,50
51,49,51,53,51
53,53,52,49,46
48,53,47,54,51
48,54,49,52,47
52,47,54,49,47
53,54,49,48,51
52,49,47,48,54
47,52,54,48,48
47,54,46,51,52
46,50,49,49,53
49,52,53,48,49
52,46,49,47,46
50,50,54,53,53
52,50,51,54,49
49,46,52,46,47
53,48,49,48,47
53,46,50,46,47
49,54,52,53,54
47,48,48,48,54
47,52,46,51,46
51,46,50,48,46
46,49,49,51,47
52,54,47,51,54
51,53,49,48,50
47,54,50,48,53
51,50,46,54,51
53,54,48,49,47
51,54,52,54,50
51,54,48,49,53
54,46,53,53,53
46,47,54,53,54
54,52,52,49,49
48,47,50,49,54
46,51,50,46,52
46,49,47,46,51
51,52,54,50,48
52,50,52,52,48
49,48,48,52,52
53,50,51,47,48
53,47,49,51,53
48,54,49,53,54
48,49,52,48,47
54,46,51,50,46
49,52,49,46,48
51,53,48,49,50
52,52,53,48,49
50,48,54,48,48
50,49,46,46,46
51,46,52,46,46
52,51,50,49,50
49,50,49,49,52
52,47,49,46,50
54,54,50,52,54
49,47,47,47,47
49,54,49,47,53
48,50,48,47,46
50,52,46,47,47
48,46,48,52,54
54,52,48,50,49
52,52,49,52,50
54,47,46,53,52
51,49,47,50,54
52,50,48,54,48
54,51,49,48,53
47,49,46,47,53
53,52,53,50,47
46,47,51,52,51
54,53,54,53,52
52,47,51,50,50
49,54,54,46,50
46,48,52,54,53
52,48,50,54,46
47,50,51,54,48
48,49,46,46,51
46,54,54,54,47
49,50,52,50,48
47,47,49,47,49
51,47,50,52,53
54,46,48,48,47
53,54,47,50,54
47,49,46,47,50
47,48,49,47,54
51,46,54,49,52
46,48,46,49,52
54,46,50,54,50
54,47,47,54,47
50,46,50,49,47
49,46,49,46,46
46,48,52,54,51
46,51,51,49,51
71,73,58,57,59
72,66,61,57,56
58,73,74,73,56
59,71,74,64,56
66,64,73,58,58
62,58,67,58,62
60,57,63,69,64
60,61,56,73,58
70,56,73,66,74
62,60,69,69,73
65,64,74,71,73
69,66,70,62,63
59,66,57,59,66
69,62,60,70,67
58,70,56,65,57
74,60,74,63,65
66,64,62,61,59
63,66,67,70,72
73,63,69,66,67
72,59,70,59,56
68,70,66,66,72
66,60,62,56,65
61,69,68,62,74
67,71,73,62,61
71,70,60,56,62
68,72,69,56,68
70,63,61,58,61
60,57,60,64,63
65,71,62,64,64
63,74,66,59,74
68,64,57,57,71
67,72,66,70,61
59,67,58,72,65
63,70,69,67,62
73,65,60,65,70
67,65,72,68,66
69,59,64,60,70
59,57,69,73,66
66,65,72,73,70
65,59,56,62,68
66,67,59,59,57
74,56,56,71,63
58,72,63,65,56
64,63,59,60,61
72,62,62,70,56
69,71,64,62,74
72,65,73,63,67
63,58,69,65,65
57,58,69,56,64
64,71,73,74,65
58,67,61,63,74
58,65,73,70,71
62,60,65,71,74
72,61,62,62,70
67,68,73,56,74
73,59,65,56,72
74,72,62,57,61
60,67,62,60,57
63,61,71,57,70
58,58,73,74,61
58,73,56,58,74
61,69,67,71,66
70,70,56,63,63
69,57,56,61,63
64,72,72,73,64
65,72,57,65,62
63,65,69,67,70
68,68,56,70,70
59,63,74,69,71
70,73,70,73,68
59,63,56,73,63
73,59,61,63,62
59,63,73,63,66
66,57,56,67,60
71,63,59,63,63
68,70,56,60,72
70,74,61,61,74
65,63,65,56,63
63,66,61,56,61
56,65,62,57,69
60,59,74,61,73
59,68,63,56,66
56,68,58,70,73
65,58,63,62,68
71,74,72,72,65
71,68,60,65,64
59,71,59,60,59
73,62,65,61,57
64,63,68,68,61
56,60,57,73,71
74,65,69,67,62
69,56,57,65,67
67,71,58,67,62
57,60,73,70,58
74,63,65,67,70
65,63,57,69,59
66,68,68,72,69
59,56,70,59,57
68,65,69,69,66
57,72,59,67,62
58,62,68,65,71
59,58,56,61,59
56,71,68,57,63
65,70,72,67,69
61,64,67,58,74
62,66,70,66,61
65,73,64,62,68
73,63,61,56,65
73,59,56,59,65
64,74,60,66,56
72,63,70,70,66
70,73,65,71,74
63,61,74,56,70
68,64,64,72,58
65,64,72,68,72
62,74,68,65,69
66,57,57,71,74
71,57,66,66,59
71,61,70,61,62
64,59,56,72,73
60,59,70,70,64
68,60,73,71,72
72,63,67,61,65
72,63,57,72,58
58,64,72,56,67
71,70,65,70,69
60,66,63,71,59
69,65,69,71,73
71,59,73,64,64
72,71,74,72,70
67,66,58,69,70
71,74,69,71,70
68,68,68,66,73
59,57,57,57,64
74,73,66,69,69
70,69,62,73,61
58,69,67,64,71
56,58,65,73,65
59,57,59,73,63
58,70,62,60,56
65,73,72,73,61
61,66,65,60,67
74,70,64,71,62
56,63,57,74,63
60,72,72,61,61
63,69,59,66,57
72,68,67,70,70
62,73,63,62,59
72,56,69,70,69
74,66,56,59,69
70,74,63,62,73
66,73,74,58,73
60,60,67,62,71
70,61,63,70,73
67,64,71,64,73
64,61,74,61,74
64,62,69,69,66
61,74,66,60,60
69,65,60,69,59
58,61,73,58,72
58,65,70,74,60
64,61,67,67,71
63,68,60,63,58
64,70,58,60,57
58,58,74,56,70
61,69,73,58,71
65,56,57,62,69
67,70,73,58,72
70,68,62,74,62
63,65,65,67,57
66,70,73,56,68
72,68,59,65,74
56,70,60,63,65
65,65,68,64,60
67,68,61,73,72
57,60,60,63,70
66,61,57,70,59
63,66,58,56,61
73,57,65,68,59
62,63,63,70,72
69,59,64,68,69
60,73,61,70,60
72,69,68,64,69
61,70,69,70,72
72,71,58,71,70
65,64,58,64,71
68,72,67,67,72
68,67,59,65,58
67,67,59,64,64
71,71,62,62,72
72,64,69,56,57
64,70,72,65,70
70,59,56,71,57
57,62,63,67,57
73,72,74,63,59
57,69,60,64,60
67,65,71,60,65
60,57,58,59,71
72,65,68,69,63
60,60,71,69,56
69,57,57,61,61
69,65,65,72,58
70,61,67,71,68
63,58,71,62,58
56,69,65,68,70
62,65,67,60,71
62,62,57,69,66
56,65,71,72,68
56,60,58,65,72
73,57,59,65,66
63,74,65,67,62
68,73,71,68,72
56,74,68,71,65
70,66,66,71,56
63,69,74,57,70
74,70,60,59,70
62,73,58,60,70
64,71,58,72,70
71,62,57,57,67
58,68,56,70,65
65,72,74,56,74
58,74,68,68,67
67,74,66,69,69
67,58,57,66,56
56,63,68,67,67
70,71,73,66,74
61,69,57,65,72
59,61,56,57,64
70,68,70,67,61
62,71,65,59,70
57,63,62,56,64
63,58,63,65,60
64,70,60,61,63
59,66,74,60,72
65,56,60,56,66
71,62,59,68,68
65,59,63,59,73
61,59,61,60,60
62,65,74,57,63
68,72,70,72,70
74,59,73,56,72
64,74,73,74,66
70,59,62,69,65
71,67,69,74,65
56,74,65,69,60
60,66,64,56,72
70,57,58,59,73
69,71,71,69,70
74,68,57,59,70
74,64,72,72,67
68,70,63,56,73
69,58,72,62,63
67,74,58,64,74
56,72,74,68,69
57,60,62,57,61
65,69,58,57,69
72,67,64,74,71
69,61,57,71,66
69,57,56,67,70
73,63,68,63,65
71,63,69,70,58
67,69,57,74,69
65,59,71,64,56
63,62,72,63,59
56,70,60,68,71
60,73,70,61,61
68,68,62,71,57
65,59,73,71,67
74,65,56,67,70
72,71,57,74,71
71,70,72,73,56
61,66,71,73,72
68,58,74,73,66
63,62,65,63,68
72,65,65,59,64
58,70,71,68,62
69,62,71,64,58
71,60,61,68,72
72,71,70,61,59
67,56,64,74,57
59,69,57,74,65
59,70,59,56,72
58,71,58,58,56
64,73,64,72,68
73,60,68,67,57
64,73,61,59,59
72,67,69,60,73
57,74,65,57,61
56,61,59,56,73
62,61,57,66,56
63,74,72,71,64
62,72,57,67,73
70,73,64,74,74
59,63,65,61,71
69,70,60,58,72
61,72,67,63,67
60,72,60,74,66
66,59,72,59,69
64,56,71,66,66
65,66,63,63,71
71,59,66,66,57
71,67,63,73,57
70,72,74,74,63
62,66,58,73,71
68,73,72,66,69
65,62,65,69,69
60,59,69,60,59
74,74,68,71,70
66,71,61,56,63
74,71,64,70,58
59,73,65,63,56
73,57,68,70,62
64,71,61,67,63
67,56,65,62,59
67,63,64,74,61
62,74,74,57,59
65,70,63,71,74
65,61,57,62,70
62,74,57,63,64
59,69,58,70,59
73,58,69,67,71
67,62,74,58,66
68,69,61,60,69
69,69,56,62,65
74,72,67,66,74
74,65,63,70,71
58,70,66,74,57
57,63,57,61,71
60,58,74,59,67
56,62,69,57,72
67,58,71,56,57
64,61,70,62,62
67,63,57,65,56
56,69,71,72,73
58,59,71,62,69
64,57,58,65,60
74,56,67,71,61
67,69,69,62,58
73,57,67,67,61
67,58,74,71,68
69,65,66,64,59
60,58,57,57,67
73,72,66,66,67
73,67,60,69,63
65,67,58,70,73
66,72,59,72,72
63,64,67,68,68
62,73,72,71,60
60,71,69,65,63
72,74,56,69,74
67,64,70,69,58
69,60,70,71,58
69,71,67,71,70
70,64,71,68,56
74,65,74,63,68
62,66,56,73,72
60,59,73,69,69
71,58,63,64,64
71,70,65,62,58
65,57,74,61,69
59,63,63,68,62
58,63,60,60,71
71,71,64,64,72
66,72,61,62,63
56,66,73,62,73
66,57,58,70,59
60,72,72,63,70
57,67,58,65,62
59,66,65,62,62
57,56,61,61,71
66,67,64,57,59
57,68,66,74,66
66,69,68,73,63
57,74,67,74,69
73,60,58,63,63
64,74,68,68,73
64,59,64,63,64
59,57,65,66,73
65,64,68,73,57
67,58,62,71,66
63,63,73,59,61
58,73,67,60,62
58,59,60,61,70
64,67,74,60,72
70,70,73,74,64
57,64,72,66,61
69,65,69,63,72
73,61,63,68,67
56,74,67,61,63
59,68,73,67,73
61,70,58,66,59
66,71,74,64,71
62,66,71,70,64
66,63,69,74,56
58,70,63,58,64
69,74,71,59,72
61,62,70,60,58
63,74,67,61,60
60,68,58,57,62
70,60,73,63,67
60,70,63,56,67
68,57,69,66,69
67,65,70,59,70
66,70,69,61,66
71,67,66,70,74
74,68,70,60,60
65,69,64,61,58
56,63,64,58,71
73,67,66,66,69
68,59,72,69,69
66,68,62,57,68
69,62,72,61,73
62,61,70,56,69
65,73,57,60,71
64,59,63,68,69
73,67,56,69,60
59,66,73,63,65
65,59,59,59,65
72,57,69,71,74
61,68,60,65,72
65,63,59,63,62
67,60,63,57,58
58,71,66,65,62
65,60,70,58,74
66,69,71,69,58
63,64,61,68,59
64,65,60,65,58
63,66,64,56,56
57,67,65,67,60
64,61,67,66,59
69,69,58,71,56
62,69,66,58,57
60,57,64,67,59
68,72,58,74,68
61,67,57,57,73
58,58,74,63,69
67,61,58,74,66
58,62,72,57,73
70,67,61,57,58
57,61,74,56,71
73,62,62,74,58
68,56,60,70,57
62,74,67,62,73
71,59,71,70,66
62,60,61,63,62
70,64,66,60,74
68,61,72,73,65
69,68,58,73,72
65,56,61,64,73
57,70,74,72,56
57,62,66,58,63
59,59,67,63,61
58,73,56,57,65
72,57,73,73,73
71,69,59,69,59
61,65,60,72,64
66,67,62,74,59
65,56,62,67,66
60,70,61,63,59
71,69,59,57,72
68,63,66,66,59
67,56,64,63,70
71,73,57,62,63
67,61,58,59,57
74,62,66,60,70
61,57,57,61,66
70,64,62,71,69
64,67,69,70,60
65,63,73,60,56
73,57,62,59,63
66,56,57,59,60
62,74,64,64,63
70,66,63,69,57
58,65,74,68,62
68,58,60,66,71
74,59,68,59,63
66,64,59,73,69
73,57,68,65,60
57,62,67,62,56
67,66,68,65,68
71,64,62,69,60
66,71,68,59,60
68,64,62,57,62
74,63,57,58,66
71,57,63,57,65
58,61,59,69,67
59,67,56,68,70
71,59,65,69,66
63,61,68,73,60
72,74,59,74,66
65,59,56,72,60
68,60,65,60,58
67,60,74,65,68
56,69,74,61,59
67,70,65,62,70
61,66,57,68,72
70,74,61,63,70
66,67,64,66,71
72,72,62,70,57
62,62,60,64,57
63,67,68,63,64
70,68,60,57,72
72,60,65,60,58
70,60,63,60,72
67,59,69,60,70
57,69,67,65,67
62,61,56,71,67
61,61,67,74,58
65,74,63,63,60
70,58,59,63,67
63,56,70,73,71
72,63,64,71,74
62,63,64,56,59
69,61,65,64,74
67,64,72,73,57
70,56,60,57,69
62,64,74,70,72
71,57,62,66,71
59,59,73,58,69
74,69,69,67,59
64,71,65,56,68
68,67,69,64,63
63,63,71,70,61
67,72,56,71,58
72,59,64,67,74
71,63,69,74,70
64,57,65,74,60
67,57,66,68,64
63,66,66,61,60
61,62,60,56,61
66,74,73,56,60
60,72,61,56,67
72,63,62,66,74
69,72,58,65,65
58,66,58,71,60
72,64,64,72,61
67,66,62,66,68
59,59,74,73,69
69,72,56,72,68
63,70,69,73,59
65,61,68,57,72
61,57,61,62,73
70,59,66,61,64
58,64,61,63,69
74,63,74,64,73
67,67,64,62,62
59,69,71,68,65
67,68,65,69,56
65,63,73,57,74
60,66,71,73,65
58,67,70,67,70
59,61,73,59,61
68,63,70,67,66
59,59,63,59,70
65,65,58,66,72
67,61,73,72,73
57,71,61,70,59
64,68,60,64,71
60,69,69,59,60
60,57,58,71,66
70,60,68,65,63
68,57,60,63,73
60,69,59,58,73
63,73,67,70,70
68,65,68,59,60
67,74,73,66,68
68,74,73,71,62
57,58,56,64,66
59,62,56,65,60
56,61,68,63,67
63,67,57,63,60
67,69,62,61,74
61,66,56,65,56
71,63,61,56,57
68,73,59,68,65
57,70,68,65,72
66,59,67,70,73
63,62,70,70,69
70,63,65,67,69
60,61,56,68,63
74,71,64,70,61
56,68,64,58,74
68,66,56,65,57
56,64,63,69,64
69,66,56,70,56
60,59,57,57,59
65,70,59,60,67
74,72,60,61,71
59,59,67,58,67
72,64,74,63,74
65,63,67,60,62
68,58,67,62,56
57,64,61,58,66
58,68,71,65,61
70,56,63,64,66
61,71,59,58,59
57,69,74,58,69
61,56,56,71,67
73,60,63,59,71
70,70,58,58,70
72,73,74,64,63
63,62,60,65,63
73,63,62,62,62
74,66,64,72,72
65,69,62,70,68
59,56,74,73,61
58,58,71,61,66
60,66,60,58,61
56,70,62,67,65
73,60,60,64,58
58,62,70,69,64
71,63,56,70,73
73,72,60,68,74
73,61,66,64,73
74,73,64,69,61
66,58,64,73,70
72,62,62,57,57
56,63,71,65,68
64,72,65,70,58
67,63,57,71,62
69,56,72,59,69
66,63,61,71,56
60,56,68,73,71
58,63,67,57,65
66,72,58,68,64
65,66,60,56,57
65,57,73,57,66
65,73,73,68,64
68,69,74,62,71
61,61,70,70,62
65,72,71,74,62
65,67,64,63,62
66,74,62,66,56
72,57,69,63,74
59,74,57,68,65
59,60,73,65,63
70,70,58,57,59
64,70,62,67,74
59,62,57,59,69
65,66,73,58,62
64,57,60,69,70
57,69,58,71,61
65,71,63,56,65
61,62,67,63,69
71,66,57,62,59
59,63,74,70,56
67,73,56,69,72
61,57,74,74,64
70,63,65,60,66
69,58,69,60,63
56,65,70,68,68
70,71,69,67,66
66,69,61,65,64
62,73,67,56,72
63,74,65,61,73
61,74,63,66,72
63,61,64,60,62
59,68,62,63,68
60,56,66,60,65
61,73,62,74,73
69,64,72,68,70
59,58,57,61,71
61,73,56,58,65
63,62,60,70,56
70,60,60,71,70
69,67,66,59,65
57,69,73,63,58
56,64,69,63,59
56,72,74,59,60
56,68,67,58,60
68,56,71,74,62
60,59,67,62,64
59,58,63,73,58
61,68,73,61,58
74,56,64,67,57
64,58,57,74,56
73,58,58,62,64
72,68,59,61,61
65,74,59,67,63
59,62,61,59,68
71,60,66,59,60
69,73,62,71,56
69,60,61,64,74
69,73,60,62,72
63,72,66,66,73
69,56,62,56,61
64,58,65,67,65
71,67,71,66,63
68,67,74,57,73
69,57,70,70,58
59,72,67,58,60
56,63,64,63,57
66,62,66,60,56
70,67,67,62,67
74,74,73,72,57
58,57,74,63,60
64,58,63,66,73
58,61,60,67,67
56,71,70,66,74
66,59,69,69,67
56,74,71,68,70
71,58,61,66,67
59,66,58,68,73
74,68,71,57,70
67,71,73,69,57
73,60,68,68,63
69,67,72,70,67
59,72,72,59,62
68,67,58,67,67
74,62,73,68,68
60,73,56,62,66
60,71,69,65,67
70,59,63,60,73
58,59,62,69,64
65,58,66,60,72
65,67,61,67,69
72,69,72,62,66
74,57,58,61,66
71,66,60,74,64
63,66,65,67,74
56,74,58,71,74
62,61,65,64,72
69,63,65,58,74
71,62,71,69,68
59,69,56,62,62
64,69,56,70,63
65,63,56,61,74
72,73,72,72,63
69,58,64,66,61
72,73,61,70,65
74,57,64,64,63
63,68,71,71,58
73,67,73,72,62
60,57,73,59,68
59,66,56,69,72
56,67,72,74,61
58,59,66,58,71
64,70,62,65,64
66,60,72,74,72
69,63,60,57,69
62,73,70,69,64
69,66,61,66,63
58,57,66,57,71
58,71,66,72,68
72,65,72,71,67
61,57,71,62,67
72,62,63,71,62
70,57,63,67,58
60,70,66,61,73
67,56,64,62,65
60,61,56,69,69
58,70,69,69,61
72,72,71,58,63
73,65,69,70,63
70,72,69,58,62
73,61,60,61,61
69,64,62,63,72
64,62,63,72,59
70,57,73,74,58
68,58,56,63,57
69,62,57,74,64
68,69,67,63,62
62,56,68,61,62
63,68,68,58,68
58,64,64,57,73
65,56,66,60,62
68,74,62,57,61
59,57,74,56,63
72,66,57,72,63
73,65,58,68,74
74,57,67,70,57
60,63,67,72,64
65,71,65,73,66
64,59,61,71,56
64,62,62,71,72
60,58,74,63,72
73,74,56,72,71
61,67,68,59,73
68,60,64,65,62
68,66,56,57,71
57,65,63,67,74
57,65,60,69,60
64,56,72,65,58
60,59,69,61,64
62,57,56,73,74
64,60,56,58,61
62,68,63,73,63
60,58,67,57,56
69,61,73,64,64
66,56,66,67,64
66,68,60,74,62
74,60,57,65,71
60,56,64,59,67
66,64,70,65,68
59,66,63,70,63
58,70,63,74,73
66,70,70,74,57
63,72,63,72,65
70,61,57,74,60
66,61,63,63,59
57,66,56,69,60
71,67,58,64,68
62,60,58,57,65
67,68,72,69,73
61,70,63,67,66
57,61,73,63,63
64,65,65,67,56
65,72,66,71,70
72,57,63,61,63
63,60,59,72,73
58,70,67,56,64
57,59,71,60,66
56,71,60,57,67
74,61,69,58,74
58,68,71,64,66
74,73,67,68,71
68,69,61,67,74
57,73,57,65,68
73,59,61,66,73
64,68,68,72,60
57,63,62,68,61
61,71,74,63,58
68,60,62,73,59
62,64,74,72,71
59,68,60,66,62
59,57,63,62,71
66,63,67,66,71
63,65,74,72,56
71,66,68,62,72
64,70,64,62,67
68,58,56,60,69
60,66,56,68,64
57,72,57,61,71
72,71,72,65,62
73,64,73,63,64
57,67,56,66,69
58,59,71,73,59
60,72,63,60,64
67,72,61,58,71
64,58,58,74,63
61,58,67,61,66
60,62,67,69,68
59,59,56,73,57
66,70,70,73,62
74,62,59,59,63
71,58,60,57,57
69,56,61,62,71
71,72,74,74,68
62,64,72,58,63
73,63,71,63,74
60,65,69,59,71
59,69,74,61,66
67,66,58,69,62
67,62,68,69,71
70,69,58,60,66
63,58,61,72,62
57,68,64,68,72
64,64,56,57,73
74,74,72,72,62
60,66,56,73,67
72,63,63,73,70
69,74,61,59,60
61,56,60,74,65
65,70,66,70,69
69,73,59,63,58
70,69,59,73,60
68,60,74,63,56
72,57,69,71,73
74,60,71,73,69
69,59,61,61,67
57,74,71,62,60
74,74,69,64,66
74,68,64,59,65
72,67,66,70,63
60,68,68,68,70
69,63,59,69,70
58,74,74,66,60
74,57,69,62,63
58,73,58,64,68
57,62,62,63,74
63,66,61,59,56
71,61,62,58,68
67,68,58,66,66
66,58,68,70,60
74,73,71,70,58
64,63,73,58,65
62,63,73,66,60
72,71,67,61,60
59,68,64,61,61
60,60,62,67,64
73,57,57,74,68
71,66,73,57,61
58,59,56,73,74
68,73,68,66,71
67,65,59,65,60
74,68,64,61,59
57,61,73,64,68
60,66,62,74,56
59,59,69,57,66
68,57,60,56,68
66,58,59,72,69
61,69,58,64,66
65,74,62,73,63
62,59,60,66,73
72,66,58,56,69
74,63,74,72,67
68,72,66,60,72
59,57,66,74,56
58,66,59,73,58
74,57,71,69,61
56,66,65,63,58
58,57,73,58,66
66,70,66,64,60
57,72,67,67,57
68,73,64,60,63
58,68,65,73,67
69,69,62,62,73
74,68,73,60,71
68,69,56,56,57
69,71,60,73,72
61,67,61,56,65
57,62,59,59,60
56,61,62,66,67
67,58,56,69,69
72,73,59,68,68
74,74,59,61,66
59,58,61,56,73
56,71,71,70,63
70,60,68,69,67
58,61,67,71,58
73,59,67,62,66
72,59,66,60,65
63,63,56,73,60
64,70,71,72,63
72,60,67,69,61
73,61,67,74,56
59,66,70,64,65
72,74,74,67,65
56,57,56,67,73
63,63,69,56,58
59,69,56,64,63
68,63,59,71,66
60,62,67,71,62
58,71,57,58,65
61,69,68,70,74
63,66,68,62,57
61,56,60,59,61
68,64,64,56,72
71,69,57,56,56
71,68,60,62,58
64,69,73,60,70
73,74,69,62,69
72,71,68,64,63
68,57,66,64,60
72,57,56,67,70
62,68,67,65,65
67,60,57,70,61
63,68,64,68,71
58,67,67,74,62
63,67,60,61,71
72,72,69,69,59
64,57,69,65,60
67,63,65,58,58
66,59,68,61,65
59,56,61,64,72
72,67,59,65,73
65,57,58,67,57
60,63,61,65,74
71,57,56,63,65
70,62,73,65,56
69,62,57,69,71
58,56,68,71,64
74,64,57,56,67
59,62,61,70,73
64,59,67,56,59
64,64,67,60,65
61,57,59,67,71
74,65,59,61,65
63,67,56,60,68
65,62,58,56,68
62,64,64,68,74
60,56,70,58,68
68,59,74,73,74
57,71,58,71,65
71,73,61,60,58
62,69,73,61,73
64,65,66,69,63
57,63,58,67,73
65,70,71,73,59
73,74,71,63,67
56,72,65,61,60
61,58,69,65,57
65,73,71,60,65
58,61,58,67,74
64,69,63,69,65
71,62,64,71,63
64,59,67,70,68
66,61,66,70,66
58,61,62,59,62
65,58,70,70,57
83,83,80,84,79
83,77,76,82,79
79,83,81,84,84
77,83,78,80,77
77,79,84,76,82
81,81,78,83,80
77,83,84,82,80
82,82,76,83,82
76,81,76,83,77
78,78,78,80,81
76,81,82,77,77
79,82,76,84,84
84,76,83,83,81
78,81,80,81,84
77,81,77,83,79
82,77,82,81,80
84,82,76,84,83
79,77,77,83,81
79,76,77,83,81
80,78,77,80,83
84,76,82,82,78
84,83,83,84,78
83,80,78,78,77
83,83,76,80,84
82,78,79,76,83
84,76,77,83,81
76,78,82,78,80
76,77,82,81,83
77,80,79,77,76
83,81,79,84,80
84,84,80,76,77
82,76,81,83,84
81,83,77,76,77
80,83,76,78,81
80,77,78,84,82
77,84,82,79,76
79,84,77,80,82
81,77,76,78,83
82,81,84,84,83
81,78,82,82,79
80,79,78,78,82
84,84,83,80,76
78,76,81,78,78
83,79,79,77,76
83,79,84,80,79
79,81,83,81,80
81,84,77,81,83
81,84,84,80,78
77,79,78,79,82
77,83,81,81,82
81,78,83,77,79
84,83,76,80,78
78,80,77,81,80
81,84,76,77,83
78,84,79,84,83
83,80,77,84,76
77,81,77,77,80
78,76,77,81,81
83,78,81,76,77
78,82,76,80,82
78,78,81,76,80
81,83,77,80,79
84,77,81,82,80
82,80,82,76,80
76,80,83,79,79
79,82,82,81,77
77,80,76,79,78
81,81,79,83,80
78,82,83,82,76
78,76,81,83,84
76,82,80,83,81
79,82,81,83,84
80,76,80,82,83
76,82,83,76,80
79,81,78,84,80
81,81,79,82,78
83,77,84,82,80
76,79,80,79,80
83,81,81,79,79
76,82,82,81,80
82,84,81,82,82
78,83,79,80,82
84,80,77,76,78
84,76,78,84,83
77,83,79,77,79
80,83,76,77,77
79,81,84,78,80
79,76,82,81,80
78,79,83,80,78
78,79,81,77,78
80,80,80,79,77
80,76,77,78,76
76,78,84,83,76
76,76,77,82,80
78,78,78,78,78
81,79,81,76,83
76,78,79,79,84
76,80,79,76,83
77,84,83,82,84
76,81,83,78,82
77,77,77,77,79
80,82,83,84,80
83,84,82,83,84
76,81,77,81,82
78,83,80,79,80
83,84,83,80,78
76,80,76,82,80
82,80,83,80,79
77,76,76,83,80
80,78,79,83,79
78,81,79,83,84
84,80,84,81,80
78,78,78,84,84
82,79,80,78,76
80,78,78,78,81
82,77,84,77,84
77,81,76,82,84
80,79,81,80,83
80,76,76,83,77
82,78,84,76,83
82,76,80,79,76
78,78,77,81,82
82,79,77,84,84
80,82,83,83,78
76,84,82,82,84
76,78,78,76,83
80,79,83,79,81
83,83,77,77,79
78,78,78,84,80
78,81,83,78,79
81,78,79,79,76
77,77,77,78,83
80,82,83,77,80
81,81,76,76,82
83,80,82,77,83
76,79,83,78,82
80,77,84,78,77
79,80,83,76,80
82,79,77,78,83
83,79,78,78,78
76,81,76,78,77
83,80,78,78,81
82,81,81,82,80
76,82,82,77,80
81,80,79,82,84
80,84,77,79,76
76,83,82,84,78
83,79,79,79,84
84,82,78,84,76
76,80,78,84,82
84,81,76,83,76
76,79,83,82,77
76,79,78,83,83
80,77,79,81,81
77,81,77,82,80
82,83,79,80,83
80,77,82,76,77
76,81,76,76,82
77,77,76,76,84
77,80,79,82,77
78,78,82,80,80
78,78,82,82,80
83,82,76,81,83
76,77,79,78,81
83,77,78,80,81
81,83,82,76,78
81,76,82,79,82
78,82,80,83,76
80,80,77,77,77
84,79,79,82,80
76,82,80,76,79
76,78,77,84,79
77,80,82,81,81
76,80,77,84,76
78,78,76,83,80
80,76,78,78,78
84,76,82,76,84
80,76,76,76,79
78,79,80,83,83
76,77,78,82,83
83,78,82,76,80
82,81,82,79,83
80,78,78,83,81
77,80,80,77,83
81,79,82,82,81
79,84,80,77,76
83,83,82,79,78
79,79,82,77,78
77,79,77,77,81
81,84,80,82,80
84,82,77,82,78
78,78,80,80,82
84,79,77,79,82
77,82,77,81,80
80,77,76,76,80
81,82,77,77,82
77,76,80,80,79
82,82,81,82,77
76,79,80,81,82
79,76,81,79,77
81,77,83,79,78
79,83,83,84,84
79,84,79,79,78
78,77,77,76,78
83,81,79,77,82
84,80,76,79,81
79,79,80,78,84
84,84,82,81,83
76,79,81,84,80
79,84,77,83,78
81,79,84,77,79
77,83,83,77,77
76,77,77,76,84
78,80,77,84,83
79,77,77,82,76
84,79,84,78,83
84,77,81,84,79
83,77,83,84,77
77,79,78,77,84
76,80,79,83,83
78,80,82,80,80
79,83,77,77,82
83,81,80,80,78
81,83,82,79,84
80,80,80,80,81
77,76,80,83,77
83,77,80,82,84
77,84,80,84,76
77,78,83,80,80
78,78,81,77,83
78,80,81,81,78
84,76,81,84,84
84,81,78,80,78
78,80,76,81,81
79,84,76,77,80
80,77,84,77,83
80,78,83,77,82
79,77,77,76,80
84,77,80,84,83
80,79,79,82,80
84,81,79,78,84
84,83,83,80,83
79,76,79,79,84
83,79,77,77,81
84,80,76,81,83
84,77,78,82,80
79,80,83,81,83
82,82,77,78,81
81,84,76,76,82
82,83,81,78,81
83,77,84,79,78
78,81,77,81,80
78,76,84,84,81
79,77,78,79,79
79,79,80,83,79
76,79,78,82,79
79,81,81,83,76
80,76,77,81,77
78,76,83,78,81
80,76,77,79,76
77,78,77,78,76
80,79,80,84,77
78,81,83,80,80
81,80,77,83,84
79,80,77,76,82
76,84,78,78,79
82,80,82,81,80
84,78,81,78,80
77,81,82,77,76
80,79,77,76,78
82,84,76,76,78
83,79,76,84,84
84,79,80,83,79
79,83,79,83,81
82,83,80,76,78
84,81,78,80,77
82,78,78,78,77
82,82,77,77,81
76,76,78,82,77
77,84,77,79,78
80,78,79,81,80
83,82,81,78,81
81,80,81,81,78
84,80,81,78,80
76,81,84,84,84
78,81,83,83,82
84,79,81,79,79
82,79,80,76,76
84,83,77,83,84
77,79,76,80,83
78,79,81,82,80
83,78,79,77,80
76,82,83,80,77
82,77,82,78,76
83,80,83,79,77
76,84,81,78,76
82,82,79,81,79
77,79,76,81,78
77,84,79,82,77
79,83,77,77,83
84,79,78,79,76
79,77,76,82,78
79,81,84,83,76
81,77,82,76,80
80,78,76,82,82
77,79,78,76,76
79,77,81,79,83
84,82,79,76,81
82,77,82,83,76
80,80,79,83,79
79,79,76,79,83
79,77,82,81,79
83,84,83,79,79
77,77,77,84,83
77,83,82,76,82
82,79,81,80,84
81,83,83,84,76
77,81,84,76,77
77,83,80,81,84
76,80,82,83,80
82,83,78,79,77
78,79,81,81,80
82,84,84,78,76
82,78,76,78,82
77,76,84,78,76
78,81,79,83,81
80,77,79,82,82
79,80,83,83,77
77,77,76,78,81
84,76,76,78,78
83,77,81,79,83
83,81,78,81,82
83,82,81,80,79
79,78,83,77,81
84,82,76,81,82
76,78,78,78,81
83,82,79,80,80
79,78,76,79,84
76,76,76,84,80
83,79,80,82,77
82,79,82,81,82
78,78,84,83,84
81,79,81,80,77
80,76,77,79,76
79,77,81,81,79
80,78,82,84,84
80,84,84,77,78
77,76,82,79,76
84,77,77,77,80
83,81,76,80,82
84,84,84,78,78
82,77,77,81,79
82,77,82,84,76
76,81,84,80,83
81,82,83,80,80
83,80,80,78,84
78,84,83,83,79
81,76,77,84,82
84,79,76,76,84
77,76,78,76,80
76,82,79,77,80
77,84,79,82,83
77,80,80,82,84
78,76,81,79,84
82,80,84,79,83
77,83,79,80,79
78,78,82,76,78
79,82,83,78,77
84,80,81,76,80
81,80,77,80,76
81,80,76,76,76
76,84,77,77,82
77,80,83,80,79
77,81,77,83,81
80,77,80,84,80
82,82,77,84,79
77,81,77,82,83
77,83,81,78,83
77,84,77,76,82
79,80,78,81,79
76,83,80,79,84
77,78,82,84,77
78,81,83,82,82
76,83,77,77,77
83,83,77,79,84
81,76,83,82,80
82,84,76,79,78
84,83,80,84,83
82,77,83,84,78
80,81,81,82,76
78,78,84,79,78
76,84,78,77,84
79,76,77,79,77
78,83,79,83,84
78,83,77,77,83
82,76,78,81,79
79,76,81,82,76
76,79,84,84,84
77,83,84,78,79
83,78,77,76,81
80,84,81,78,80
80,82,83,82,77
79,76,77,81,81
77,76,82,83,84
81,78,83,79,78
81,76,84,83,82
84,81,78,80,79
82,80,76,83,83
84,77,83,83,84
81,78,80,83,76
77,84,77,82,83
80,79,80,79,78
81,82,77,78,76
81,78,79,84,78
82,78,78,82,80
78,84,84,84,76
78,84,79,79,80
81,76,84,84,82
78,78,80,79,84
82,80,79,82,77
82,77,81,79,79
80,80,77,81,84
76,82,83,79,77
78,78,83,84,83
84,78,82,82,84
80,77,76,77,78
83,80,79,79,77
81,82,83,83,80
81,81,77,83,77
81,76,82,78,80
76,80,77,76,83
83,79,84,82,80
76,77,83,83,78
80,83,81,84,79
82,82,76,78,78
83,76,77,79,82
84,81,78,84,79
84,77,84,78,82
80,84,84,78,81
83,84,79,81,78
81,80,80,80,76
77,76,79,84,81
81,82,77,84,77
82,76,84,82,84
82,84,77,77,78
79,84,81,84,80
76,80,82,78,80
81,81,78,76,84
78,84,81,79,78
84,77,79,79,82
79,78,78,77,82
79,83,81,78,78
76,78,79,83,83
76,78,78,78,83
78,79,77,83,79
77,77,76,81,80
77,76,80,79,80
80,80,84,77,84
80,84,76,79,83
80,83,80,81,79
80,82,83,77,78
81,84,83,83,76
76,82,80,80,79
84,83,84,83,83
76,81,78,76,80
84,84,83,79,80
76,80,81,84,82
77,76,76,77,80
83,79,80,77,77
76,80,79,79,83
77,80,79,84,84
78,83,79,80,76
83,81,81,81,78
83,78,81,81,78
76,77,77,83,78
82,78,84,84,83
78,81,79,81,83
83,78,77,82,77
82,79,81,81,81
81,82,77,79,78
79,81,84,76,78
80,80,83,78,81
77,83,78,78,81
83,83,76,77,76
81,83,78,81,78
84,83,84,76,78
79,78,83,80,76
82,77,76,80,77
82,81,79,76,80
83,79,81,80,78
79,79,77,84,82
78,79,79,82,79
83,78,76,82,76
84,82,79,77,81
84,84,79,80,78
83,82,77,77,83
82,80,83,79,82
81,84,83,82,81
81,79,83,80,79
84,77,83,80,76
84,80,80,84,81
83,80,76,84,78
78,81,83,78,82
82,81,82,79,79
82,76,83,84,84
81,76,82,79,82
81,78,84,80,81
82,82,80,77,80
83,76,81,78,83
78,77,82,78,76
76,80,78,82,80
80,76,80,84,82
81,76,83,83,78
84,78,79,77,84
80,76,79,78,79
81,83,83,81,83
80,79,83,77,84
77,79,82,79,82
80,81,84,83,78
76,78,84,83,84
81,78,84,79,83
80,81,77,84,78
82,81,82,78,76
83,80,81,77,78
79,77,77,78,83
80,76,82,83,82
84,81,79,83,77
83,82,83,83,79
78,82,84,81,77
83,83,82,76,81
76,82,80,78,81
84,81,77,78,83
84,81,82,77,83
77,78,83,81,80
83,78,79,79,83
77,82,77,84,79
81,79,79,76,77
81,78,81,81,79
77,78,80,77,82
80,78,82,80,77
84,77,84,81,78
82,83,82,76,79
82,79,78,84,81
76,79,82,78,77
78,80,83,80,76
82,77,82,76,81
78,83,78,83,76
84,82,77,78,84
83,78,79,76,81
79,78,82,81,77
84,81,78,80,76
79,81,84,80,79
80,84,79,79,82
82,83,77,79,83
77,77,76,83,78
82,82,78,76,83
79,81,82,84,80
83,82,80,80,82
84,76,84,79,82
84,78,83,77,83
77,84,80,80,78
80,79,78,84,81
80,84,76,84,81
76,78,82,77,78
78,79,79,80,77
82,78,81,82,82
83,77,76,76,82
81,83,78,84,77
81,82,83,83,81
77,77,84,81,81
78,83,83,80,81
83,77,81,79,78
81,80,82,80,78
83,79,80,83,82
80,83,77,84,78
80,76,82,79,79
76,83,78,82,81
84,81,81,78,81
77,81,83,84,81
84,83,82,83,76
78,79,79,84,83
82,81,79,79,78
82,81,84,78,79
81,83,76,80,78
79,78,76,76,76
77,81,77,84,82
82,76,84,82,81
81,83,78,82,76
80,80,81,83,77
81,84,84,77,79
77,79,82,78,82
81,79,80,79,82
76,81,82,77,80
81,82,84,82,76
78,82,84,83,79
78,83,82,83,79
81,78,80,83,77
79,77,82,78,78
82,83,80,82,81
79,79,82,78,80
77,83,76,83,77
76,80,78,79,80
82,76,82,81,81
84,77,84,82,77
80,78,82,82,78
79,78,80,83,84
76,82,78,80,76
76,79,78,76,84
81,84,79,76,79
81,82,76,80,79
78,77,84,78,84
84,83,84,78,78
83,82,76,81,83
77,76,84,79,79
77,76,81,82,77
80,83,78,78,79
76,78,78,83,80
81,76,81,76,83
82,78,79,81,83
81,77,83,80,83
80,76,84,84,83
82,78,84,84,78
81,80,81,83,76
82,83,80,76,81
83,79,83,77,78
77,79,83,76,80
82,82,82,77,77
77,78,80,82,77
83,80,79,79,76
82,77,83,77,82
83,76,80,81,83
80,77,77,83,77
78,80,79,77,79
79,84,81,77,82
76,76,82,84,76
78,76,78,81,84
83,84,83,77,84
84,82,80,78,77
83,84,80,79,84
77,80,80,84,83
82,78,80,82,84
84,76,77,81,77
78,81,84,82,79
84,83,82,79,82
77,81,80,78,77
76,81,76,78,84
80,84,78,80,78
84,83,76,79,78
80,77,83,84,83
84,77,83,76,80
82,76,76,82,78
81,80,82,79,79
82,77,78,77,81
84,81,79,78,78
80,81,82,77,81
80,78,76,77,76
78,76,76,80,82
80,78,78,77,77
80,80,76,81,76
82,80,80,82,77
79,77,78,84,83
81,81,84,76,77
83,84,76,76,81
76,82,83,76,80
76,83,77,76,84
81,83,83,84,77
84,76,80,76,78
78,81,79,82,84
76,76,81,83,77
83,79,79,81,78
81,78,79,77,79
78,83,83,84,79
77,83,76,78,82
84,81,76,83,80
79,76,79,76,81
84,76,83,83,81
81,80,84,80,84
80,79,77,77,80
77,82,84,78,84
84,76,84,78,81
79,78,77,76,81
84,80,81,81,78
79,83,83,76,78
79,79,79,84,82
78,78,76,84,79
76,80,83,76,77
78,83,79,80,78
80,80,77,77,78
81,78,79,76,76
79,84,80,82,77
81,79,81,81,83
83,76,77,82,79
80,77,78,79,77
79,80,81,84,80
77,76,79,83,76
84,76,78,81,81
76,79,80,84,84
84,77,81,77,84
83,80,76,84,84
79,77,80,77,81
82,79,76,80,80
77,81,76,80,79
78,76,78,83,77
80,77,79,78,83
76,80,84,80,77
81,81,78,76,78
83,78,78,79,83
84,80,77,78,84
80,79,81,80,78
81,77,78,83,83
77,83,80,83,81
83,81,78,84,78
80,77,80,78,77
79,77,84,80,77
81,79,83,78,82
77,77,81,77,83
76,82,76,77,77
79,79,79,83,77
83,82,77,82,82
79,78,76,77,77
80,76,77,81,82
81,84,77,81,84
80,82,84,76,78
81,79,76,80,78
78,76,80,78,83
76,80,81,81,76
83,79,81,83,82
84,79,80,77,84
77,82,77,80,81
78,81,79,82,76
79,84,79,78,77
79,76,84,77,81
76,78,81,78,79
84,78,84,83,83
82,81,76,84,79
79,79,80,84,78
82,80,79,81,77
80,80,82,80,77
83,78,80,76,84
77,83,79,82,77
80,79,80,80,84
81,76,84,83,83
84,84,77,80,80
84,76,78,82,84
81,76,77,77,80
76,82,78,78,81
78,77,78,82,79
79,81,78,80,83
76,81,78,82,81
79,83,79,78,79
78,82,83,78,77
76,78,81,79,84
84,77,84,81,79
82,84,76,76,79
79,78,80,78,77
79,82,78,81,78
83,84,80,78,84
77,78,84,76,81
78,76,79,76,79
84,79,84,81,77
80,81,81,77,78
82,82,81,76,81
84,76,80,78,80
76,77,82,79,77
83,83,80,83,81
82,79,80,81,84
78,82,79,78,79
81,84,76,82,78
76,84,83,78,80
80,83,84,77,82
77,77,82,80,83
80,81,83,82,80
81,83,81,80,82
80,81,81,79,84
84,82,82,77,81
83,79,82,84,77
78,76,81,77,77
83,81,84,82,78
83,76,76,78,83
78,83,80,80,79
78,77,84,78,77
82,83,81,82,76
84,80,81,80,76
76,81,81,84,79
78,76,80,80,82
83,80,80,84,78
79,76,76,77,80
83,79,79,84,77
76,80,79,77,80
76,83,76,83,78
77,80,79,82,77
78,82,76,82,84
81,77,79,77,84
77,83,76,82,78
79,83,79,78,81
80,77,77,82,78
76,82,82,77,81
84,83,84,80,82
78,80,78,83,84
82,76,77,80,80
83,79,81,76,80
80,76,84,79,76
81,83,76,78,84
81,80,77,77,78
84,76,84,78,82
84,82,79,82,76
79,81,79,82,78
79,82,79,83,83
83,78,80,83,83
76,80,77,83,82
81,80,82,78,78
78,77,77,77,79
78,78,81,83,77
80,76,80,76,81
78,83,81,77,84
79,79,81,79,77
76,84,82,78,77
80,83,81,84,76
81,81,76,80,76
77,76,84,83,81
81,76,83,79,80
83,78,77,76,82
81,81,78,83,80
82,83,76,83,76
79,79,82,78,80
82,77,76,81,84
79,79,76,78,81
80,83,78,84,82
82,81,83,81,76
78,76,80,76,81
83,78,78,81,84
78,79,80,83,84
80,82,79,81,77
83,82,80,78,79
79,78,79,83,76
80,77,76,78,81
81,76,78,76,79
78,82,84,84,77
84,82,76,78,83
79,76,79,80,82
83,82,80,78,78
82,76,79,78,79
79,80,77,76,82
80,80,80,81,79
80,84,76,84,78
81,80,78,83,84
80,80,78,82,77
82,80,77,76,83
79,81,76,78,81
82,76,80,81,77
83,83,80,79,83
81,84,77,76,77
76,81,78,80,84
76,81,83,78,80
84,79,76,83,82
80,83,82,79,77
78,79,80,80,77
84,76,78,81,76
80,77,81,81,84
78,83,77,79,76
84,76,83,78,82
80,79,84,78,80
79,81,78,77,76
78,84,78,77,82
80,76,79,78,81
78,77,80,81,79
83,78,84,83,83
78,76,79,80,76
78,79,79,79,78
78,82,76,84,84
77,79,79,78,82
80,81,76,82,80
82,78,76,81,83
80,79,84,84,78
76,77,77,76,82
77,76,76,78,81
83,78,78,79,80
81,78,76,78,76
77,81,80,81,83
77,79,79,77,83
81,81,80,77,79
80,84,78,83,78
76,76,81,81,82
83,82,83,81,78
79,77,82,80,84
77,78,77,80,77
81,77,82,79,78
77,78,82,77,77
82,80,84,78,80
78,83,80,78,80
77,79,83,84,76
77,83,83,78,83
81,82,78,81,83
78,77,84,84,80
81,80,79,81,79
83,80,79,79,84
79,78,79,77,83
80,78,81,82,80
76,84,84,82,84
81,78,76,84,77
77,77,78,78,78
77,84,80,77,79
77,77,84,76,84
79,80,83,83,79
76,80,82,78,82
77,82,81,77,82
79,79,84,78,84
80,81,81,83,78
84,78,77,84,80
83,76,78,80,79
77,83,78,79,84
79,83,83,82,82
79,76,76,84,83
81,78,78,84,79
78,77,81,77,77
83,83,84,82,81
83,77,84,84,79
76,77,81,81,82
83,76,83,81,83
80,76,78,80,76
84,81,81,78,80
84,79,76,84,84
82,78,79,77,81
82,80,76,78,78
82,84,80,80,83
84,77,82,82,78
78,84,76,78,82
83,79,83,80,83
76,83,84,78,76
78,79,82,84,83
76,84,83,82,81
81,78,79,82,80
77,83,80,78,79
81,80,82,79,76
76,77,76,77,77
77,76,82,76,81
81,76,82,78,83
81,84,84,82,82
77,82,83,81,79
80,82,83,76,78
77,80,80,80,76
79,81,84,77,78
84,84,80,79,80
83,83,82,82,82
79,80,78,78,77
80,81,81,80,83
80,81,79,82,81
79,79,76,80,78
78,77,76,76,84
80,83,79,84,79
79,82,83,76,82
78,82,77,77,76
81,82,82,84,77
82,84,78,82,76
83,78,79,79,77
78,78,81,83,83
83,83,80,84,80
79,78,77,81,83
84,80,82,84,84
78,78,77,80,82
79,77,81,83,81
80,77,77,79,78
77,78,78,83,83
80,76,79,77,77
77,82,84,82,84
79,80,81,77,84
80,76,77,76,78
76,78,78,77,78
80,83,77,78,81
84,79,79,77,80
82,82,83,82,78
84,76,78,79,84
80,77,78,77,79
84,80,80,81,80
82,78,84,76,83
81,77,81,76,76
84,81,80,76,76
82,79,81,84,79
83,84,76,84,80
83,81,79,78,78
83,80,78,84,83
76,81,84,77,84
81,79,82,84,78
80,78,79,81,79
82,79,84,79,76
79,79,81,80,79
81,84,79,79,76
81,77,79,82,76
77,80,82,83,80
82,82,79,83,77
77,76,81,81,83
78,83,81,76,83
83,76,81,83,82
81,83,78,77,78
77,80,79,83,78
79,81,76,79,80
80,81,84,84,79
79,83,77,80,76
79,80,77,79,80
81,80,79,78,83
92,90,96,92,93
96,92,89,90,97
88,88,89,87,88
93,94,86,94,99
88,93,98,90,92
92,92,96,90,90
95,98,86,94,90
96,93,94,94,87
91,89,96,90,92
93,95,86,86,90
87,95,98,90,93
91,90,88,87,97
92,92,89,88,87
90,88,90,96,96
87,87,87,96,92
97,91,98,90,91
99,99,95,98,92
88,93,92,86,86
99,87,89,87,89
94,94,90,95,86
86,87,87,98,86
91,92,90,98,95
90,92,93,89,99
86,91,94,97,88
88,86,99,90,97
96,96,90,99,87
86,88,88,95,88
98,97,89,95,97
97,90,94,88,87
95,98,98,94,99
90,95,93,86,87
98,89,90,91,88
91,87,95,94,96
88,91,90,91,94
95,94,99,93,94
86,95,93,91,86
92,88,86,92,97
93,90,95,93,88
96,96,93,93,98
96,89,98,98,86
97,88,93,94,90
92,88,99,96,93
86,88,95,95,87
88,89,88,99,91
88,88,94,89,98
97,89,95,96,88
86,98,96,86,94
88,94,99,91,92
96,92,96,99,92
97,95,90,87,86
90,95,89,99,95
92,92,86,89,99
99,88,99,91,89
98,91,86,99,91
88,93,91,99,89
95,96,99,92,97
89,89,89,92,86
89,90,89,93,99
96,92,91,97,98
93,91,89,92,94
92,91,94,90,97
88,92,93,99,89
86,86,88,86,93
86,87,89,86,94
97,97,92,88,93
95,96,92,97,95
99,97,96,92,93
89,90,90,93,88
86,95,87,94,95
87,99,99,94,91
94,93,94,88,92
87,95,89,90,90
94,92,90,94,93
87,97,96,88,87
89,99,89,98,99
89,98,98,97,98
94,95,96,99,89
89,99,96,92,92
98,91,89,94,99
92,92,95,99,89
94,95,94,96,86
87,94,94,89,89
97,97,97,91,95
99,94,99,89,87
94,91,90,89,87
92,98,96,99,90
91,88,93,92,94
98,86,97,92,97
87,99,94,94,94
89,92,98,98,91
95,91,96,98,99
93,92,95,87,98
88,93,91,92,97
93,96,96,96,91
98,98,97,87,96
91,88,96,91,88
88,91,96,93,95
94,86,92,90,91
93,89,86,90,94
86,93,91,88,98
96,86,91,96,92
95,93,97,99,94
90,91,89,90,90
96,99,92,92,87
98,87,95,90,87
87,89,90,95,87
96,96,97,97,86
95,88,90,93,93
97,97,91,91,94
97,86,98,95,92
92,86,91,98,92
95,96,99,90,88
89,94,93,93,92
99,94,89,98,98
91,97,97,93,86
93,91,95,86,99
96,95,94,89,90
99,88,87,99,97
98,95,95,88,89
94,86,91,91,87
97,96,98,95,90
96,89,95,87,94
91,99,93,95,86
98,98,87,93,91
94,87,95,95,94
99,95,98,90,87
97,89,88,86,86
95,98,97,99,91
99,86,92,94,88
94,97,96,90,98
96,97,98,95,89
91,91,87,92,93
88,94,89,86,97
91,97,93,86,95
98,94,99,89,88
87,93,93,89,88
86,99,90,94,97
92,86,93,88,93
87,95,98,95,87
90,91,96,97,87
95,90,98,93,91
98,90,87,95,91
92,90,86,98,96
88,89,96,98,94
93,99,93,98,86
90,98,93,91,96
95,97,86,96,90
89,90,91,90,87
99,91,95,87,86
98,95,88,86,86
95,91,93,90,97
88,91,99,97,90
92,93,98,97,95
96,97,86,97,96
91,98,86,99,92
95,92,91,93,94
92,94,98,97,91
98,88,91,93,91
98,96,94,94,88
96,92,95,89,96
98,93,92,90,95
91,88,92,91,92
86,91,97,97,87
96,91,96,98,88
90,86,99,86,96
92,93,93,99,90
96,94,96,90,87
99,89,87,98,89
86,90,97,87,96
88,87,89,99,90
91,92,97,94,94
88,97,91,96,88
95,95,91,86,98
97,91,86,93,87
93,91,97,86,94
99,91,99,91,98
94,86,94,93,95
99,87,86,97,96
97,99,86,86,92
96,88,90,94,90
94,97,97,96,86
88,92,90,86,89
95,96,96,94,94
95,93,97,87,93
91,95,95,92,96
88,94,91,86,92
97,86,87,88,94
92,89,95,86,95
87,93,91,98,87
89,86,88,90,92
95,92,98,95,95
86,97,86,97,96
96,97,91,87,88
92,88,93,91,93
88,89,95,89,89
95,86,86,93,99
88,86,90,98,95
88,86,92,99,93
86,86,91,88,99
99,96,91,98,86
97,87,90,98,90
88,99,86,89,90
90,99,97,86,91
97,87,95,95,94
95,91,98,88,92
91,96,88,89,87
86,93,90,87,97
86,96,93,92,88
88,88,90,92,94
89,89,91,94,98
94,96,91,96,92
87,86,88,98,91
94,87,88,97,97
87,98,96,98,94
99,99,89,91,97
94,87,96,98,86
93,89,92,92,93
98,98,90,97,99
97,95,89,90,86
93,88,92,95,91
98,98,95,95,88
94,96,95,87,87
88,94,89,86,96
86,93,96,96,87
92,95,87,97,96
94,91,93,87,86
90,98,94,94,94
94,97,92,89,99
96,95,98,98,92
93,94,95,96,97
97,98,96,89,88
98,94,86,87,96
94,90,87,97,99
87,92,87,91,94
90,87,91,92,88
89,89,97,91,87
90,92,98,93,92
93,98,93,94,99
90,91,94,87,98
99,97,95,96,91
96,90,86,94,91
93,97,89,86,89
97,97,95,87,95
87,92,86,88,88
93,88,89,96,98
95,87,93,89,96
89,87,89,92,90
99,88,90,86,95
89,87,88,97,97
97,94,89,96,93
96,93,89,87,87
86,92,91,90,99
86,88,91,89,99
92,93,98,92,89
92,96,87,91,99
98,86,91,89,93
95,87,87,95,88
87,89,98,86,97
94,89,91,87,97
96,95,90,97,92
94,98,93,86,87
92,95,88,96,90
90,91,97,86,86
95,95,89,91,98
92,87,97,88,92
87,94,88,91,99
91,98,99,88,95
98,99,91,89,89
88,91,97,87,86
87,88,94,86,89
90,88,87,96,90
97,96,89,94,99
92,99,87,99,95
92,88,89,96,96
87,87,90,95,90
95,96,94,97,96
91,96,88,92,93
94,99,91,90,90
89,88,95,87,95
90,92,86,98,96
97,98,95,93,96
90,97,87,93,98
98,96,91,91,89
91,95,94,98,96
99,98,86,96,88
92,91,92,97,88
90,89,89,95,89
92,87,88,88,97
89,95,94,99,91
92,90,91,86,94
94,98,88,98,89
92,92,86,95,91
87,88,89,87,92
86,94,95,87,93
87,86,97,87,92
88,96,87,92,92
92,96,98,91,93
94,90,90,96,93
90,97,89,93,91
94,92,93,91,92
93,86,94,91,99
94,97,99,92,91
94,96,91,93,94
94,89,91,91,90
99,95,90,95,90
98,89,93,98,93
89,87,94,88,92
95,89,89,98,89
94,86,95,88,90
93,89,98,94,86
87,92,99,89,86
86,86,97,99,99
94,94,96,95,96
87,90,91,95,99
93,94,91,89,93
87,88,89,93,94
90,91,94,99,91
91,87,95,93,96
96,98,94,89,86
94,90,98,99,95
95,91,90,92,96
99,89,92,93,97
96,87,96,92,92
93,91,95,95,90
95,94,97,89,87
98,97,86,87,97
90,88,90,86,89
87,96,94,99,89
87,96,97,99,90
87,89,90,90,86
88,99,93,90,89
88,99,94,94,95
88,90,92,96,94
96,89,95,94,89
94,93,97,87,93
99,98,90,94,91
97,88,98,96,89
98,87,95,87,88
99,94,93,89,96
96,98,89,89,96
93,89,88,86,97
86,94,99,94,91
98,92,92,99,87
99,86,98,93,90
95,90,87,92,93
95,98,93,92,87
95,98,94,90,92
97,93,98,91,94
87,89,86,88,93
99,99,97,86,88
91,90,95,98,86
91,97,97,91,99
99,96,91,89,88
88,86,99,97,96
94,95,86,88,88
89,87,88,94,94
87,91,97,92,98
87,93,88,89,93
88,90,87,98,96
95,87,99,86,88
93,88,91,86,96
89,90,86,96,87
87,88,95,93,87
86,98,98,94,87
90,98,91,86,96
93,98,89,90,92
95,88,96,89,95
99,92,96,98,87
89,96,91,92,92
88,98,97,96,89
96,90,86,87,91
99,92,88,90,99
90,93,91,88,89
99,87,95,96,92
88,98,87,92,91
90,89,89,96,89
94,86,91,94,87
88,88,93,90,98
99,87,87,96,96
89,97,94,91,99
95,95,91,95,88
97,94,92,94,96
90,90,95,91,98
98,93,89,98,94
90,90,93,86,94
96,90,97,95,91
87,94,89,86,97
89,92,96,99,92
96,94,92,87,90
89,95,92,95,87
99,88,99,89,94
92,97,94,91,87
98,88,97,89,97
95,91,93,96,94
99,99,88,98,86
96,88,90,95,99
92,90,95,87,89
96,86,97,94,88
94,89,86,90,93
99,87,93,86,90
93,92,89,94,90
93,93,92,87,87
98,91,99,87,89
95,93,99,94,88
97,97,97,86,94
97,86,97,99,93
98,96,93,88,97
90,97,97,99,95
98,94,92,88,95
87,88,87,95,98
90,96,86,96,86
86,87,88,88,95
99,95,99,86,92
91,90,95,93,88
98,90,90,86,93
93,96,87,88,94
95,91,87,87,91
89,94,88,86,98
98,92,91,87,99
94,95,93,96,91
86,92,92,90,98
86,92,93,97,87
86,86,94,93,96
97,99,89,95,88
91,95,91,87,98
95,89,90,95,89
96,95,86,90,89
86,94,99,87,90
95,91,95,88,92
88,96,94,92,90
95,96,86,89,86
99,94,93,96,99
90,95,91,94,87
87,90,97,87,97
89,91,98,94,90
87,89,97,95,98
88,93,94,89,94
98,90,93,90,99
97,89,98,86,88
87,98,99,96,98
94,91,97,95,90
95,97,88,86,95
91,92,87,87,90
88,86,86,87,88
87,93,86,86,96
90,89,99,90,90
93,88,93,88,92
93,91,96,96,93
88,92,95,88,98
91,90,98,86,99
98,86,88,86,90
91,99,87,87,86
96,89,95,86,91
86,89,91,96,90
92,96,88,88,93
89,95,99,97,88
88,98,87,92,98
92,94,88,98,96
98,98,86,94,87
86,86,98,91,90
88,91,92,89,95
91,90,95,87,91
87,89,87,99,97
87,93,91,97,87
92,97,99,97,97
89,94,91,91,98
89,86,91,86,93
87,99,95,91,97
90,90,88,99,94
88,97,93,88,89
91,88,86,94,88
94,98,97,88,93
95,91,91,87,89
89,97,94,96,89
94,94,97,96,94
86,86,96,91,97
96,87,87,92,92
88,87,98,97,92
97,86,90,88,94
88,91,95,88,92
92,93,97,96,93
95,99,92,98,89
91,93,95,89,96
98,97,86,86,94
94,88,96,96,93
88,91,97,88,92
95,95,90,94,94
96,90,98,89,99
98,99,86,97,97
95,90,93,87,93
98,92,87,98,93
92,89,89,98,86
98,93,89,95,96
94,93,89,94,87
93,96,89,92,90
87,96,96,92,89
91,86,97,91,88
94,90,86,91,93
90,86,97,96,89
91,91,92,95,99
88,86,96,88,86
86,97,93,96,98
93,88,93,94,97
90,89,96,96,99
99,98,86,87,94
88,92,87,96,97
90,93,97,98,91
88,92,91,99,90
92,93,95,88,91
95,92,94,92,94
86,91,93,94,98
92,97,97,94,92
87,97,98,92,98
93,88,90,92,98
95,92,89,88,88
98,98,91,94,91
87,99,89,97,95
99,92,99,97,98
98,93,86,89,88
93,94,98,90,94
89,87,88,91,96
95,86,97,98,91
92,90,89,95,91
96,99,91,88,92
89,88,90,91,96
99,96,93,93,88
97,97,97,96,89
93,89,91,99,96
95,90,99,86,94
89,91,98,99,97
87,89,91,86,98
91,99,94,93,94
99,95,97,96,86
96,94,92,99,88
96,88,87,91,88
98,90,92,87,92
88,97,88,93,92
89,96,95,92,94
87,91,94,86,92
99,86,91,97,99
96,93,90,88,86
99,90,92,88,89
90,93,89,90,93
97,92,92,94,98
86,97,86,86,89
88,94,89,89,87
96,94,98,92,97
89,98,88,93,87
98,92,87,86,92
93,95,96,96,98
96,91,93,88,91
92,98,97,88,89
87,97,86,90,89
93,95,90,90,91
97,99,91,95,93
88,88,93,99,98
95,99,94,88,99
94,88,98,95,99
92,91,91,88,92
92,98,93,93,94
87,97,88,87,96
86,90,92,93,89
98,94,88,86,99
91,88,92,91,88
98,95,96,93,89
92,94,87,88,97
86,90,99,95,91
92,99,87,96,96
97,88,91,91,99
96,92,89,93,92
89,92,96,90,96
92,90,87,97,92
91,86,93,97,88
99,86,96,88,93
89,98,88,99,93
93,89,92,93,93
87,86,98,88,91
92,92,94,90,93
88,95,94,86,95
98,88,93,88,99
93,94,96,91,91
93,92,95,90,94
88,91,88,95,89
94,97,94,88,90
99,95,96,90,88
94,90,90,93,86
91,91,99,96,98
94,92,98,89,99
89,95,98,90,86
99,94,97,98,99
95,99,96,98,89
89,94,88,98,86
90,88,98,90,87
94,99,90,95,98
87,90,91,99,97
95,99,90,89,96
86,93,87,87,89
89,94,88,98,87
91,88,90,93,99
88,88,87,92,87
88,89,99,96,95
91,98,90,95,90
98,96,93,94,94
94,92,91,98,95
99,96,94,95,99
96,97,87,94,98
99,88,86,90,86
92,96,88,99,96
89,90,87,92,86
99,93,96,91,91
99,97,94,97,91
93,96,89,94,95
96,92,92,93,91
94,92,90,87,91
86,87,86,95,91
92,95,86,92,97
87,94,95,89,94
98,89,95,98,90
96,93,95,97,96
94,99,97,90,90
86,93,93,99,92
90,97,91,87,90
95,87,98,96,86
93,95,92,92,98
87,90,88,93,98
93,94,98,89,87
91,89,86,99,88
91,86,88,95,90
92,97,99,90,94
91,92,97,87,98
88,91,94,91,91
92,91,90,91,99
87,92,86,93,94
90,87,90,86,93
96,91,88,99,87
92,94,96,99,92
87,89,94,89,86
91,98,99,97,95
92,87,96,89,99
95,99,91,92,89
93,90,93,94,94
98,89,89,99,92
89,97,99,87,95
89,95,94,88,91
86,99,92,98,87
98,91,96,91,92
96,95,94,98,89
99,93,97,99,88
90,89,88,94,90
88,87,90,88,91
91,89,86,95,95
97,92,86,94,94
96,91,95,96,92
92,92,98,88,98
88,93,91,91,99
99,86,93,88,91
86,97,91,91,98
89,93,96,99,99
91,97,90,88,99
96,97,90,94,86
92,88,86,91,96
88,95,99,97,99
89,89,98,95,97
98,86,94,86,97
97,86,88,99,97
86,94,99,88,87
89,93,91,86,98
95,96,90,92,93
87,86,90,97,88
96,91,98,90,88
91,90,95,94,88
90,95,94,93,90
99,92,87,86,95
94,88,86,90,93
99,91,91,93,92
98,95,99,87,99
96,90,86,93,93
91,99,92,93,96
94,92,94,89,98
93,96,97,96,87
94,92,87,98,99
89,89,89,99,91
86,90,91,91,91
91,97,99,93,89
99,90,97,96,96
87,92,87,86,99
93,94,86,92,98
90,93,91,94,89
94,96,93,96,94
97,92,95,91,89
92,92,99,96,90
95,94,91,95,97
96,93,91,92,90
95,87,99,89,99
89,88,99,92,92
98,98,89,91,97
88,94,95,87,96
94,93,90,97,98
89,92,90,93,92
94,98,95,86,96
92,90,99,92,96
94,92,91,92,87
87,86,93,96,93
98,91,88,97,90
92,93,99,87,97
90,91,95,99,89
97,93,98,86,93
95,99,93,92,98
93,99,87,87,94
96,91,98,94,95
91,97,97,90,99
98,96,87,92,87
87,89,86,86,98
98,91,88,96,87
93,93,87,98,96
95,93,90,94,94
91,96,90,98,97
98,87,96,86,86
96,89,95,87,98
89,97,95,95,92
94,92,86,87,94
90,86,91,88,88
97,96,93,91,93
87,94,90,98,98
95,94,87,97,91
96,86,98,90,90
86,95,98,96,94
91,88,89,90,96
89,95,90,92,99
96,95,91,86,92
92,87,99,86,96
86,99,86,98,97
88,91,87,88,94
90,87,88,95,86
95,98,95,91,90
91,96,91,91,97
86,90,88,86,89
86,94,92,89,87
88,94,99,98,87
90,93,98,88,89
86,87,98,87,87
96,89,97,97,87
96,86,92,93,99
96,96,88,91,88
96,98,94,92,87
93,93,93,87,93
92,94,88,91,96
88,92,88,86,96
99,89,88,98,99
92,97,97,93,86
92,92,91,96,86
99,91,95,88,90
94,91,91,98,94
94,86,92,95,97
98,92,86,97,94
97,91,94,97,91
88,93,93,97,98
86,89,89,97,89
89,87,89,99,89
93,97,91,99,91
91,93,96,97,93
96,92,98,87,97
91,89,94,92,98
93,96,89,92,97
92,87,87,99,91
87,90,91,96,95
96,93,86,86,92
92,99,89,86,97
97,94,93,99,87
86,90,98,88,97
90,97,87,89,86
94,98,96,98,92
96,89,90,99,90
93,86,98,95,93
86,87,98,87,97
88,91,90,93,86
95,99,89,98,98
91,92,91,95,99
87,94,97,90,90
99,98,94,86,95
88,94,90,99,99
99,96,97,94,90
92,95,98,97,90
91,91,90,95,90
97,95,87,87,94
97,91,86,86,88
96,89,94,99,95
94,94,93,93,91
92,90,96,94,97
89,95,90,90,91
90,97,92,93,93
96,87,89,90,86
89,94,90,96,92
93,98,92,88,93
94,97,96,97,90
87,94,97,95,92
97,92,92,86,89
99,96,95,98,87
93,89,89,93,89
87,94,96,99,88
93,86,89,87,97
92,96,92,96,93
95,88,89,86,96
91,95,95,92,93
93,92,87,91,91
93,99,88,88,93
97,87,92,96,99
97,93,94,95,88
96,98,90,99,94
86,92,98,89,94
98,88,89,99,98
89,97,98,95,89
96,93,91,92,89
93,91,91,91,95
95,88,93,89,98
93,94,93,99,94
98,97,94,93,91
98,96,95,86,95
99,94,87,87,95
88,92,96,91,87
87,99,99,93,86
91,90,91,94,96
96,90,91,90,97
95,86,94,89,93
95,99,92,98,88
98,87,99,89,98
90,91,86,99,98
91,98,99,92,87
94,91,87,86,88
87,98,87,88,88
98,94,98,93,96
90,94,89,87,87
92,86,87,92,97
90,88,98,97,88
93,88,91,98,90
90,88,88,86,93
90,86,87,92,86
86,87,96,95,89
88,92,96,91,96
89,87,98,96,90
88,95,95,86,98
93,98,99,88,97
89,94,90,86,94
95,98,90,90,87
94,86,86,97,97
96,99,93,94,96
89,91,88,86,99
89,91,98,98,93
98,98,96,90,88
96,94,97,95,87
89,89,99,93,89
98,88,87,98,89
89,99,87,99,91
98,86,86,99,92
99,96,97,89,98
86,99,94,99,98
99,92,96,97,94
95,98,94,98,92
96,95,99,96,86
88,93,93,95,93
95,87,92,93,98
90,89,98,97,93
98,97,99,96,94
87,97,89,94,89
91,93,95,89,97
97,94,88,88,87
89,86,90,96,91
90,96,88,96,99
96,86,92,90,88
86,97,89,99,94
93,96,89,86,98
98,86,96,88,93
91,95,87,95,86
92,96,91,94,97
89,89,99,96,87
98,93,89,91,89
92,96,96,97,94
96,94,87,86,99
91,96,94,87,97
86,97,88,95,89
97,90,91,93,95
93,87,95,95,97
89,95,87,97,88
98,99,87,96,91
90,96,97,87,93
94,87,86,93,94
93,90,90,97,99
96,89,87,88,98
95,98,89,93,88
91,96,95,91,93
86,92,92,93,87
88,92,91,90,98
98,92,89,94,99
99,97,96,87,92
99,98,96,95,90
96,92,98,96,95
93,96,93,91,87
88,97,90,87,95
96,86,97,97,87
90,99,89,90,93
90,88,89,96,91
95,98,89,98,90
92,95,93,93,86
98,93,97,87,92
92,90,93,90,92
91,92,91,96,95
86,98,89,86,96
89,87,94,98,91
89,89,86,91,91
96,97,89,86,91
86,86,96,97,87
88,94,98,91,97
87,97,97,88,89
98,91,91,92,91
91,90,95,86,86
92,99,94,88,93
95,86,97,96,98
98,90,95,89,88
97,87,96,87,93
89,88,96,88,91
96,89,97,99,97
95,90,88,97,88
99,94,99,89,96
94,89,90,92,98
86,91,98,94,86
87,89,96,99,89
95,94,91,95,96
90,99,97,92,98
88,89,91,99,90
87,92,93,86,94
99,95,87,89,86
87,98,87,86,93
88,86,89,96,89
88,90,99,91,88
96,98,89,87,99
97,98,95,95,94
86,97,99,93,96
88,95,90,94,88
97,95,93,98,90
90,98,95,87,91
92,97,90,92,86
96,95,92,96,88
95,94,97,90,98
95,91,87,87,99
93,88,87,86,89
93,87,88,99,93
93,91,86,86,88
88,92,94,89,90
92,95,94,95,86
93,97,94,89,99
96,90,93,87,95
88,89,89,95,87
93,91,98,94,86
94,94,93,96,94
99,96,94,99,98
94,93,91,91,92
90,97,96,87,96
95,86,91,97,89
99,99,94,95,98
87,89,99,94,88
92,88,94,90,86
93,87,98,97,93
89,96,90,97,93
99,93,98,97,92
99,96,95,99,99
88,91,96,89,99
99,90,87,97,95
98,93,98,90,95
96,95,87,92,87
95,90,86,86,92
89,97,86,88,87
97,89,96,91,94
94,94,98,90,86
97,98,93,94,88
89,99,88,93,86
96,97,88,88,90
91,91,94,94,91
90,98,98,88,98
98,96,95,95,91
97,93,94,99,99
92,90,91,87,97
99,86,93,91,94
92,98,94,95,95
86,91,99,96,94
92,96,88,93,98
86,94,92,96,95
95,91,88,94,98
90,86,95,94,92
90,96,86,94,90
88,86,99,90,98
94,86,86,96,92
94,94,99,89,87
95,87,91,95,86
92,90,99,90,88
98,96,91,91,97
86,93,88,92,98
98,98,99,97,98
92,86,87,98,90
97,88,91,86,87
95,86,87,90,91
